stage	event	scene	document	buffer	a	b	c
Atlas Publication Begin	0	1	0	0	40	0	0
Atlas Publication Complete	0	1	0	0	1	65536	1
Frame Build Begin	0	1	0	0	1148190720	1141309440	0
Frame Build Complete	0	1	0	0	45	40	0
Glyph Atlas Summary	0	1	0	0	22	24	70400
Layout Cache Summary	0	1	0	0	0	4	1536
Text Summary	0	1	0	0	5	24	4
Visible Layout Begin	0	1	0	0	0	0	0
Visible Layout Complete	0	1	0	0	4	0	0
Atlas Publication Begin	2	2	0	0	80	0	0
Atlas Publication Complete	2	2	0	0	2	22528	4
Event Dispatch Begin	2	0	0	0	9	1	0
Frame Build Begin	2	2	0	0	1148190720	1141309440	0
Frame Build Complete	2	2	0	0	86	80	0
Glyph Atlas Summary	2	2	0	0	80	9	75264
Layout Cache Summary	2	2	0	0	4	0	1952
Native Event Handler Latency	2	0	0	0	199333	0	0
Native Frame Queue Latency	2	0	0	0	59774833	0	0
Native GPU Terminal Observed Latency	2	0	0	0	68272500	0	0
Native Submission Latency	2	0	0	0	644042	0	0
Native Terminal Record Latency	2	0	0	0	68273375	0	0
State Mutation Complete	2	0	0	0	1	0	1
Text Summary	2	2	0	0	2	9	0
Visible Layout Begin	2	2	0	0	0	0	0
Visible Layout Complete	2	2	0	0	4	0	0
Event Dispatch Begin	3	0	0	0	7	1	0
State Mutation Complete	3	0	0	0	0	0	1
Event Dispatch Begin	4	0	0	0	9	1	0
State Mutation Complete	4	0	0	0	0	0	1
Event Dispatch Begin	5	0	0	0	2	1	0
State Mutation Complete	5	0	0	0	0	0	1
Event Dispatch Begin	6	0	0	0	2	1	0
State Mutation Complete	6	0	0	0	0	0	1
Event Dispatch Begin	7	0	0	0	2	1	0
State Mutation Complete	7	0	0	0	0	0	1
Event Dispatch Begin	8	0	0	0	2	1	0
State Mutation Complete	8	0	0	0	0	0	1
Event Dispatch Begin	9	0	0	0	2	1	0
State Mutation Complete	9	0	0	0	0	0	1
Event Dispatch Begin	10	0	0	0	2	1	0
State Mutation Complete	10	0	0	0	0	0	1
Event Dispatch Begin	11	0	0	0	2	1	0
State Mutation Complete	11	0	0	0	0	0	1
Event Dispatch Begin	12	0	0	0	2	1	0
State Mutation Complete	12	0	0	0	0	0	1
Event Dispatch Begin	13	0	0	0	2	1	0
State Mutation Complete	13	0	0	0	0	0	1
Event Dispatch Begin	14	0	0	0	2	1	0
State Mutation Complete	14	0	0	0	0	0	1
Event Dispatch Begin	15	0	0	0	2	1	0
State Mutation Complete	15	0	0	0	0	0	1
Event Dispatch Begin	16	0	0	0	2	1	0
State Mutation Complete	16	0	0	0	0	0	1
Event Dispatch Begin	17	0	0	0	2	1	0
State Mutation Complete	17	0	0	0	0	0	1
Event Dispatch Begin	18	0	0	0	2	1	0
State Mutation Complete	18	0	0	0	0	0	1
Event Dispatch Begin	19	0	0	0	2	1	0
State Mutation Complete	19	0	0	0	0	0	1
Event Dispatch Begin	20	0	0	0	2	1	0
State Mutation Complete	20	0	0	0	0	0	1
Event Dispatch Begin	21	0	0	0	2	1	0
State Mutation Complete	21	0	0	0	0	0	1
Event Dispatch Begin	22	0	0	0	2	1	0
State Mutation Complete	22	0	0	0	0	0	1
Event Dispatch Begin	23	0	0	0	2	1	0
State Mutation Complete	23	0	0	0	0	0	1
Event Dispatch Begin	24	0	0	0	2	1	0
State Mutation Complete	24	0	0	0	0	0	1
Event Dispatch Begin	25	0	0	0	2	1	0
State Mutation Complete	25	0	0	0	0	0	1
Event Dispatch Begin	26	0	0	0	2	1	0
State Mutation Complete	26	0	0	0	0	0	1
Event Dispatch Begin	27	0	0	0	2	1	0
State Mutation Complete	27	0	0	0	0	0	1
Event Dispatch Begin	28	0	0	0	2	1	0
State Mutation Complete	28	0	0	0	0	0	1
Event Dispatch Begin	29	0	0	0	2	1	0
State Mutation Complete	29	0	0	0	0	0	1
Event Dispatch Begin	30	0	0	0	2	1	0
State Mutation Complete	30	0	0	0	0	0	1
Event Dispatch Begin	31	0	0	0	2	1	0
State Mutation Complete	31	0	0	0	0	0	1
Event Dispatch Begin	32	0	0	0	2	1	0
State Mutation Complete	32	0	0	0	0	0	1
Event Dispatch Begin	33	0	0	0	2	1	0
State Mutation Complete	33	0	0	0	0	0	1
Event Dispatch Begin	34	0	0	0	2	1	0
State Mutation Complete	34	0	0	0	0	0	1
Event Dispatch Begin	35	0	0	0	2	1	0
State Mutation Complete	35	0	0	0	0	0	1
Event Dispatch Begin	36	0	0	0	2	1	0
State Mutation Complete	36	0	0	0	0	0	1
Atlas Publication Begin	37	3	0	0	80	0	0
Atlas Publication Complete	37	3	0	0	0	0	0
Event Dispatch Begin	37	0	0	0	4	1	0
Frame Build Begin	37	3	0	0	1148190720	1141309440	0
Frame Build Complete	37	3	0	0	85	80	0
Glyph Atlas Summary	37	3	0	0	89	0	75264
Layout Cache Summary	37	3	0	0	4	0	1952
Native Event Handler Latency	37	0	0	0	147875	0	0
Native Frame Queue Latency	37	0	0	0	3970292	0	0
Native GPU Terminal Observed Latency	37	0	0	0	10349292	0	0
Native Submission Latency	37	0	0	0	134041	0	0
Native Terminal Record Latency	37	0	0	0	18350292	0	0
State Mutation Complete	37	0	0	0	1	0	1
Text Summary	37	3	0	0	2	0	0
Visible Layout Begin	37	3	0	0	0	0	0
Visible Layout Complete	37	3	0	0	4	0	0
Event Dispatch Begin	38	0	0	0	8	1	0
State Mutation Complete	38	0	0	0	0	0	1
Event Dispatch Begin	39	0	0	0	8	1	0
State Mutation Complete	39	0	0	0	0	0	1
Event Dispatch Begin	40	0	0	0	8	1	0
State Mutation Complete	40	0	0	0	0	0	1
Event Dispatch Begin	41	0	0	0	8	1	0
State Mutation Complete	41	0	0	0	0	0	1
Event Dispatch Begin	42	0	0	0	8	1	0
State Mutation Complete	42	0	0	0	0	0	1
Event Dispatch Begin	43	0	0	0	8	1	0
State Mutation Complete	43	0	0	0	0	0	1
Event Dispatch Begin	44	0	0	0	8	1	0
State Mutation Complete	44	0	0	0	0	0	1
Event Dispatch Begin	45	0	0	0	8	1	0
State Mutation Complete	45	0	0	0	0	0	1
Event Dispatch Begin	46	0	0	0	8	1	0
State Mutation Complete	46	0	0	0	0	0	1
Event Dispatch Begin	47	0	0	0	8	1	0
State Mutation Complete	47	0	0	0	0	0	1
Event Dispatch Begin	48	0	0	0	8	1	0
State Mutation Complete	48	0	0	0	0	0	1
Event Dispatch Begin	49	0	0	0	8	1	0
State Mutation Complete	49	0	0	0	0	0	1
Event Dispatch Begin	50	0	0	0	8	1	0
State Mutation Complete	50	0	0	0	0	0	1
Event Dispatch Begin	51	0	0	0	8	1	0
State Mutation Complete	51	0	0	0	0	0	1
Event Dispatch Begin	52	0	0	0	8	1	0
State Mutation Complete	52	0	0	0	0	0	1
Event Dispatch Begin	53	0	0	0	8	1	0
State Mutation Complete	53	0	0	0	0	0	1
Event Dispatch Begin	54	0	0	0	8	1	0
State Mutation Complete	54	0	0	0	0	0	1
Event Dispatch Begin	55	0	0	0	8	1	0
State Mutation Complete	55	0	0	0	0	0	1
Event Dispatch Begin	56	0	0	0	8	1	0
State Mutation Complete	56	0	0	0	0	0	1
Event Dispatch Begin	57	0	0	0	8	1	0
State Mutation Complete	57	0	0	0	0	0	1
Event Dispatch Begin	58	0	0	0	8	1	0
State Mutation Complete	58	0	0	0	0	0	1
Event Dispatch Begin	59	0	0	0	8	1	0
State Mutation Complete	59	0	0	0	0	0	1
Event Dispatch Begin	60	0	0	0	8	1	0
State Mutation Complete	60	0	0	0	0	0	1
Event Dispatch Begin	61	0	0	0	8	1	0
State Mutation Complete	61	0	0	0	0	0	1
Event Dispatch Begin	62	0	0	0	8	1	0
State Mutation Complete	62	0	0	0	0	0	1
Event Dispatch Begin	63	0	0	0	8	1	0
State Mutation Complete	63	0	0	0	0	0	1
Event Dispatch Begin	64	0	0	0	8	1	0
State Mutation Complete	64	0	0	0	0	0	1
Event Dispatch Begin	65	0	0	0	8	1	0
State Mutation Complete	65	0	0	0	0	0	1
Event Dispatch Begin	66	0	0	0	8	1	0
State Mutation Complete	66	0	0	0	0	0	1
Event Dispatch Begin	67	0	0	0	8	1	0
State Mutation Complete	67	0	0	0	0	0	1
Event Dispatch Begin	68	0	0	0	8	1	0
State Mutation Complete	68	0	0	0	0	0	1
Event Dispatch Begin	69	0	0	0	8	1	0
State Mutation Complete	69	0	0	0	0	0	1
Event Dispatch Begin	70	0	0	0	8	1	0
State Mutation Complete	70	0	0	0	0	0	1
Event Dispatch Begin	71	0	0	0	8	1	0
State Mutation Complete	71	0	0	0	0	0	1
Event Dispatch Begin	72	0	0	0	8	1	0
State Mutation Complete	72	0	0	0	0	0	1
Event Dispatch Begin	73	0	0	0	8	1	0
State Mutation Complete	73	0	0	0	0	0	1
Event Dispatch Begin	74	0	0	0	8	1	0
State Mutation Complete	74	0	0	0	0	0	1
Event Dispatch Begin	75	0	0	0	8	1	0
State Mutation Complete	75	0	0	0	0	0	1
Event Dispatch Begin	76	0	0	0	8	1	0
State Mutation Complete	76	0	0	0	0	0	1
Event Dispatch Begin	77	0	0	0	8	1	0
State Mutation Complete	77	0	0	0	0	0	1
Event Dispatch Begin	78	0	0	0	2	1	0
State Mutation Complete	78	0	0	0	0	0	1
Event Dispatch Begin	79	0	0	0	8	1	0
State Mutation Complete	79	0	0	0	0	0	1
Atlas Publication Begin	80	4	0	0	80	0	0
Atlas Publication Complete	80	4	0	0	0	0	0
Event Dispatch Begin	80	0	0	0	4	1	0
Frame Build Begin	80	4	0	0	1148190720	1141309440	0
Frame Build Complete	80	4	0	0	86	80	0
Glyph Atlas Summary	80	4	0	0	89	0	75264
Layout Cache Summary	80	4	0	0	4	0	1952
Native Event Handler Latency	80	0	0	0	238583	0	0
Native Frame Queue Latency	80	0	0	0	10786000	0	0
Native GPU Terminal Observed Latency	80	0	0	0	18546625	0	0
Native Submission Latency	80	0	0	0	192542	0	0
Native Terminal Record Latency	80	0	0	0	18547458	0	0
State Mutation Complete	80	0	0	0	1	0	1
Text Summary	80	4	0	0	2	0	0
Visible Layout Begin	80	4	0	0	0	0	0
Visible Layout Complete	80	4	0	0	4	0	0
Event Dispatch Begin	81	0	0	0	8	1	0
State Mutation Complete	81	0	0	0	0	0	1
Atlas Publication Begin	82	5	0	0	80	0	0
Atlas Publication Complete	82	5	0	0	0	0	0
Event Dispatch Begin	82	0	0	0	2	1	0
Frame Build Begin	82	5	0	0	1148190720	1141309440	0
Frame Build Complete	82	5	0	0	86	80	0
Glyph Atlas Summary	82	5	0	0	89	0	75264
Layout Cache Summary	82	5	0	0	4	0	1952
Native Event Handler Latency	82	0	0	0	120833	0	0
Native Frame Queue Latency	82	0	0	0	23073125	0	0
Native GPU Terminal Observed Latency	82	0	0	0	34091708	0	0
Native Submission Latency	82	0	0	0	106292	0	0
Native Terminal Record Latency	82	0	0	0	42425042	0	0
State Mutation Complete	82	0	0	0	1	0	2
Text Summary	82	5	0	0	2	0	0
Visible Layout Begin	82	5	0	0	0	0	0
Visible Layout Complete	82	5	0	0	4	0	0
Event Dispatch Begin	83	0	0	0	8	2	0
State Mutation Complete	83	0	0	0	0	0	2
Event Dispatch Begin	84	0	0	0	2	2	0
State Mutation Complete	84	0	0	0	0	0	2
Event Dispatch Begin	85	0	0	0	8	2	0
State Mutation Complete	85	0	0	0	0	0	2
Event Dispatch Begin	86	0	0	0	1	2	0
State Mutation Complete	86	0	0	0	0	0	2
Event Dispatch Begin	87	0	0	0	8	2	0
State Mutation Complete	87	0	0	0	0	0	2
Event Dispatch Begin	88	0	0	0	1	2	0
State Mutation Complete	88	0	0	0	0	0	2
Event Dispatch Begin	89	0	0	0	8	2	0
State Mutation Complete	89	0	0	0	0	0	2
Event Dispatch Begin	90	0	0	0	1	2	0
State Mutation Complete	90	0	0	0	0	0	2
Event Dispatch Begin	91	0	0	0	8	2	0
State Mutation Complete	91	0	0	0	0	0	2
Event Dispatch Begin	92	0	0	0	1	2	0
State Mutation Complete	92	0	0	0	0	0	2
Event Dispatch Begin	93	0	0	0	8	2	0
State Mutation Complete	93	0	0	0	0	0	2
Event Dispatch Begin	94	0	0	0	1	2	0
State Mutation Complete	94	0	0	0	0	0	2
Event Dispatch Begin	95	0	0	0	8	2	0
State Mutation Complete	95	0	0	0	0	0	2
Event Dispatch Begin	96	0	0	0	1	2	0
State Mutation Complete	96	0	0	0	0	0	2
Event Dispatch Begin	97	0	0	0	8	2	0
State Mutation Complete	97	0	0	0	0	0	2
Event Dispatch Begin	98	0	0	0	1	2	0
State Mutation Complete	98	0	0	0	0	0	2
Event Dispatch Begin	99	0	0	0	8	2	0
State Mutation Complete	99	0	0	0	0	0	2
Event Dispatch Begin	100	0	0	0	1	2	0
State Mutation Complete	100	0	0	0	0	0	2
Event Dispatch Begin	101	0	0	0	8	2	0
State Mutation Complete	101	0	0	0	0	0	2
Atlas Publication Begin	102	6	1	1	80	0	0
Atlas Publication Complete	102	6	1	1	0	0	0
Event Dispatch Begin	102	0	0	0	1	2	0
Frame Build Begin	102	6	1	1	1148190720	1141309440	0
Frame Build Complete	102	6	1	1	86	80	0
Glyph Atlas Summary	102	6	1	1	89	0	75264
Layout Cache Summary	102	6	1	1	4	1	2368
State Mutation Complete	102	0	1	1	1	1	3
Text Summary	102	6	1	1	3	0	1
Visible Layout Begin	102	6	1	1	0	0	0
Visible Layout Complete	102	6	1	1	5	0	0
Event Dispatch Begin	103	0	1	1	8	3	0
State Mutation Complete	103	0	1	1	0	0	3
Event Dispatch Begin	104	0	1	1	1	3	0
State Mutation Complete	104	0	1	1	0	0	3
Event Dispatch Begin	105	0	1	1	8	3	0
State Mutation Complete	105	0	1	1	0	0	3
Event Dispatch Begin	106	0	1	1	1	3	0
State Mutation Complete	106	0	1	1	0	0	3
Event Dispatch Begin	107	0	1	1	8	3	0
State Mutation Complete	107	0	1	1	0	0	3
Event Dispatch Begin	108	0	1	1	1	3	0
State Mutation Complete	108	0	1	1	0	0	3
Event Dispatch Begin	109	0	1	1	8	3	0
State Mutation Complete	109	0	1	1	0	0	3
Event Dispatch Begin	110	0	1	1	1	3	0
State Mutation Complete	110	0	1	1	0	0	3
Event Dispatch Begin	111	0	1	1	8	3	0
State Mutation Complete	111	0	1	1	0	0	3
Atlas Publication Begin	112	7	2	2	81	0	0
Atlas Publication Complete	112	7	2	2	2	6400	1
Event Dispatch Begin	112	0	1	1	5	3	0
Frame Build Begin	112	7	2	2	1148190720	1141309440	0
Frame Build Complete	112	7	2	2	87	81	0
Glyph Atlas Summary	112	7	2	2	89	1	75264
Layout Cache Summary	112	7	2	2	4	1	2816
Native Event Handler Latency	112	0	0	0	188083	0	0
Native Frame Queue Latency	112	0	0	0	8206166	0	0
Native GPU Terminal Observed Latency	112	0	0	0	20411041	0	0
Native Submission Latency	112	0	0	0	169584	0	0
Native Terminal Record Latency	112	0	0	0	20412541	0	0
State Mutation Complete	112	0	2	2	1	1	4
Text Summary	112	7	2	2	3	1	1
Visible Layout Begin	112	7	2	2	0	0	0
Visible Layout Complete	112	7	2	2	5	0	0
Event Dispatch Begin	113	0	2	2	8	4	0
State Mutation Complete	113	0	2	2	0	0	4
Event Dispatch Begin	114	0	2	2	1	4	0
State Mutation Complete	114	0	2	2	0	0	4
Event Dispatch Begin	115	0	2	2	8	4	0
State Mutation Complete	115	0	2	2	0	0	4
Event Dispatch Begin	116	0	2	2	1	4	0
State Mutation Complete	116	0	2	2	0	0	4
Event Dispatch Begin	117	0	2	2	8	4	0
State Mutation Complete	117	0	2	2	0	0	4
Event Dispatch Begin	118	0	2	2	1	4	0
State Mutation Complete	118	0	2	2	0	0	4
Event Dispatch Begin	119	0	2	2	8	4	0
State Mutation Complete	119	0	2	2	0	0	4
Event Dispatch Begin	120	0	2	2	1	4	0
State Mutation Complete	120	0	2	2	0	0	4
Event Dispatch Begin	121	0	2	2	8	4	0
State Mutation Complete	121	0	2	2	0	0	4
Atlas Publication Begin	122	8	3	3	82	0	0
Atlas Publication Complete	122	8	3	3	0	0	0
Event Dispatch Begin	122	0	2	2	5	4	0
Frame Build Begin	122	8	3	3	1148190720	1141309440	0
Frame Build Complete	122	8	3	3	88	82	0
Glyph Atlas Summary	122	8	3	3	91	0	75264
Layout Cache Summary	122	8	3	3	4	1	2880
State Mutation Complete	122	0	3	3	1	1	5
Text Summary	122	8	3	3	3	0	1
Visible Layout Begin	122	8	3	3	0	0	0
Visible Layout Complete	122	8	3	3	5	0	0
Event Dispatch Begin	123	0	3	3	8	5	0
State Mutation Complete	123	0	3	3	0	0	5
Event Dispatch Begin	124	0	3	3	1	5	0
State Mutation Complete	124	0	3	3	0	0	5
Event Dispatch Begin	125	0	3	3	8	5	0
State Mutation Complete	125	0	3	3	0	0	5
Event Dispatch Begin	126	0	3	3	1	5	0
State Mutation Complete	126	0	3	3	0	0	5
Event Dispatch Begin	127	0	3	3	8	5	0
State Mutation Complete	127	0	3	3	0	0	5
Event Dispatch Begin	128	0	3	3	1	5	0
State Mutation Complete	128	0	3	3	0	0	5
Event Dispatch Begin	129	0	3	3	8	5	0
State Mutation Complete	129	0	3	3	0	0	5
Event Dispatch Begin	130	0	3	3	1	5	0
State Mutation Complete	130	0	3	3	0	0	5
Event Dispatch Begin	131	0	3	3	8	5	0
State Mutation Complete	131	0	3	3	0	0	5
Atlas Publication Begin	132	9	4	4	82	0	0
Atlas Publication Complete	132	9	4	4	0	0	0
Event Dispatch Begin	132	0	3	3	5	5	0
Frame Build Begin	132	9	4	4	1148190720	1141309440	0
Frame Build Complete	132	9	4	4	88	82	0
Glyph Atlas Summary	132	9	4	4	92	0	75264
Layout Cache Summary	132	9	4	4	4	1	2944
State Mutation Complete	132	0	4	4	1	1	6
Text Summary	132	9	4	4	3	0	1
Visible Layout Begin	132	9	4	4	0	0	0
Visible Layout Complete	132	9	4	4	5	0	0
Event Dispatch Begin	133	0	4	4	8	6	0
State Mutation Complete	133	0	4	4	0	0	6
Event Dispatch Begin	134	0	4	4	1	6	0
State Mutation Complete	134	0	4	4	0	0	6
Event Dispatch Begin	135	0	4	4	8	6	0
State Mutation Complete	135	0	4	4	0	0	6
Event Dispatch Begin	136	0	4	4	1	6	0
State Mutation Complete	136	0	4	4	0	0	6
Event Dispatch Begin	137	0	4	4	8	6	0
State Mutation Complete	137	0	4	4	0	0	6
Event Dispatch Begin	138	0	4	4	1	6	0
State Mutation Complete	138	0	4	4	0	0	6
Event Dispatch Begin	139	0	4	4	8	6	0
State Mutation Complete	139	0	4	4	0	0	6
Event Dispatch Begin	140	0	4	4	1	6	0
State Mutation Complete	140	0	4	4	0	0	6
Event Dispatch Begin	141	0	4	4	8	6	0
State Mutation Complete	141	0	4	4	0	0	6
Atlas Publication Begin	142	10	5	5	83	0	0
Atlas Publication Complete	142	10	5	5	0	0	0
Event Dispatch Begin	142	0	4	4	5	6	0
Frame Build Begin	142	10	5	5	1148190720	1141309440	0
Frame Build Complete	142	10	5	5	89	83	0
Glyph Atlas Summary	142	10	5	5	93	0	75264
Layout Cache Summary	142	10	5	5	4	1	3008
Native Event Handler Latency	142	0	0	0	110000	0	0
Native Frame Queue Latency	142	0	0	0	7429542	0	0
Native GPU Terminal Observed Latency	142	0	0	0	17117416	0	0
Native Submission Latency	142	0	0	0	150250	0	0
Native Terminal Record Latency	142	0	0	0	17119291	0	0
State Mutation Complete	142	0	5	5	1	1	7
Text Summary	142	10	5	5	3	0	1
Visible Layout Begin	142	10	5	5	0	0	0
Visible Layout Complete	142	10	5	5	5	0	0
Event Dispatch Begin	143	0	5	5	8	7	0
State Mutation Complete	143	0	5	5	0	0	7
Event Dispatch Begin	144	0	5	5	1	7	0
State Mutation Complete	144	0	5	5	0	0	7
Event Dispatch Begin	145	0	5	5	8	7	0
State Mutation Complete	145	0	5	5	0	0	7
Event Dispatch Begin	146	0	5	5	1	7	0
State Mutation Complete	146	0	5	5	0	0	7
Event Dispatch Begin	147	0	5	5	8	7	0
State Mutation Complete	147	0	5	5	0	0	7
Event Dispatch Begin	148	0	5	5	1	7	0
State Mutation Complete	148	0	5	5	0	0	7
Event Dispatch Begin	149	0	5	5	8	7	0
State Mutation Complete	149	0	5	5	0	0	7
Event Dispatch Begin	150	0	5	5	1	7	0
State Mutation Complete	150	0	5	5	0	0	7
Event Dispatch Begin	151	0	5	5	8	7	0
State Mutation Complete	151	0	5	5	0	0	7
Atlas Publication Begin	152	11	6	6	84	0	0
Atlas Publication Complete	152	11	6	6	0	0	0
Event Dispatch Begin	152	0	5	5	5	7	0
Frame Build Begin	152	11	6	6	1148190720	1141309440	0
Frame Build Complete	152	11	6	6	90	84	0
Glyph Atlas Summary	152	11	6	6	94	0	75264
Layout Cache Summary	152	11	6	6	4	1	3072
State Mutation Complete	152	0	6	6	1	1	8
Text Summary	152	11	6	6	3	0	1
Visible Layout Begin	152	11	6	6	0	0	0
Visible Layout Complete	152	11	6	6	5	0	0
Event Dispatch Begin	153	0	6	6	8	8	0
State Mutation Complete	153	0	6	6	0	0	8
Event Dispatch Begin	154	0	6	6	1	8	0
State Mutation Complete	154	0	6	6	0	0	8
Event Dispatch Begin	155	0	6	6	8	8	0
State Mutation Complete	155	0	6	6	0	0	8
Event Dispatch Begin	156	0	6	6	1	8	0
State Mutation Complete	156	0	6	6	0	0	8
Event Dispatch Begin	157	0	6	6	8	8	0
State Mutation Complete	157	0	6	6	0	0	8
Event Dispatch Begin	158	0	6	6	1	8	0
State Mutation Complete	158	0	6	6	0	0	8
Event Dispatch Begin	159	0	6	6	8	8	0
State Mutation Complete	159	0	6	6	0	0	8
Event Dispatch Begin	160	0	6	6	1	8	0
State Mutation Complete	160	0	6	6	0	0	8
Event Dispatch Begin	161	0	6	6	8	8	0
State Mutation Complete	161	0	6	6	0	0	8
Atlas Publication Begin	162	12	7	7	85	0	0
Atlas Publication Complete	162	12	7	7	0	0	0
Event Dispatch Begin	162	0	6	6	5	8	0
Frame Build Begin	162	12	7	7	1148190720	1141309440	0
Frame Build Complete	162	12	7	7	91	85	0
Glyph Atlas Summary	162	12	7	7	95	0	75264
Layout Cache Summary	162	12	7	7	4	1	3136
State Mutation Complete	162	0	7	7	1	1	9
Text Summary	162	12	7	7	3	0	1
Visible Layout Begin	162	12	7	7	0	0	0
Visible Layout Complete	162	12	7	7	5	0	0
Event Dispatch Begin	163	0	7	7	8	9	0
State Mutation Complete	163	0	7	7	0	0	9
Event Dispatch Begin	164	0	7	7	1	9	0
State Mutation Complete	164	0	7	7	0	0	9
Event Dispatch Begin	165	0	7	7	8	9	0
State Mutation Complete	165	0	7	7	0	0	9
Event Dispatch Begin	166	0	7	7	1	9	0
State Mutation Complete	166	0	7	7	0	0	9
Event Dispatch Begin	167	0	7	7	8	9	0
State Mutation Complete	167	0	7	7	0	0	9
Event Dispatch Begin	168	0	7	7	1	9	0
State Mutation Complete	168	0	7	7	0	0	9
Event Dispatch Begin	169	0	7	7	8	9	0
State Mutation Complete	169	0	7	7	0	0	9
Event Dispatch Begin	170	0	7	7	1	9	0
State Mutation Complete	170	0	7	7	0	0	9
Event Dispatch Begin	171	0	7	7	8	9	0
State Mutation Complete	171	0	7	7	0	0	9
Atlas Publication Begin	172	13	8	8	86	0	0
Atlas Publication Complete	172	13	8	8	0	0	0
Event Dispatch Begin	172	0	7	7	5	9	0
Frame Build Begin	172	13	8	8	1148190720	1141309440	0
Frame Build Complete	172	13	8	8	92	86	0
Glyph Atlas Summary	172	13	8	8	96	0	75264
Layout Cache Summary	172	13	8	8	4	1	3200
State Mutation Complete	172	0	8	8	1	1	10
Text Summary	172	13	8	8	3	0	1
Visible Layout Begin	172	13	8	8	0	0	0
Visible Layout Complete	172	13	8	8	5	0	0
Event Dispatch Begin	173	0	8	8	8	10	0
State Mutation Complete	173	0	8	8	0	0	10
Event Dispatch Begin	174	0	8	8	1	10	0
State Mutation Complete	174	0	8	8	0	0	10
Event Dispatch Begin	175	0	8	8	8	10	0
State Mutation Complete	175	0	8	8	0	0	10
Event Dispatch Begin	176	0	8	8	1	10	0
State Mutation Complete	176	0	8	8	0	0	10
Event Dispatch Begin	177	0	8	8	8	10	0
State Mutation Complete	177	0	8	8	0	0	10
Event Dispatch Begin	178	0	8	8	1	10	0
State Mutation Complete	178	0	8	8	0	0	10
Event Dispatch Begin	179	0	8	8	8	10	0
State Mutation Complete	179	0	8	8	0	0	10
Event Dispatch Begin	180	0	8	8	1	10	0
State Mutation Complete	180	0	8	8	0	0	10
Event Dispatch Begin	181	0	8	8	8	10	0
State Mutation Complete	181	0	8	8	0	0	10
Atlas Publication Begin	182	14	9	9	87	0	0
Atlas Publication Complete	182	14	9	9	0	0	0
Event Dispatch Begin	182	0	8	8	5	10	0
Frame Build Begin	182	14	9	9	1148190720	1141309440	0
Frame Build Complete	182	14	9	9	93	87	0
Glyph Atlas Summary	182	14	9	9	97	0	75264
Layout Cache Summary	182	14	9	9	4	1	3264
Native Event Handler Latency	182	0	0	0	193542	0	0
Native Frame Queue Latency	182	0	0	0	130584	0	0
Native GPU Terminal Observed Latency	182	0	0	0	8524708	0	0
Native Submission Latency	182	0	0	0	97500	0	0
Native Terminal Record Latency	182	0	0	0	8525208	0	0
State Mutation Complete	182	0	9	9	1	1	11
Text Summary	182	14	9	9	3	0	1
Visible Layout Begin	182	14	9	9	0	0	0
Visible Layout Complete	182	14	9	9	5	0	0
Event Dispatch Begin	183	0	9	9	8	11	0
State Mutation Complete	183	0	9	9	0	0	11
Event Dispatch Begin	184	0	9	9	1	11	0
State Mutation Complete	184	0	9	9	0	0	11
Event Dispatch Begin	185	0	9	9	8	11	0
State Mutation Complete	185	0	9	9	0	0	11
Event Dispatch Begin	186	0	9	9	1	11	0
State Mutation Complete	186	0	9	9	0	0	11
Event Dispatch Begin	187	0	9	9	8	11	0
State Mutation Complete	187	0	9	9	0	0	11
Event Dispatch Begin	188	0	9	9	1	11	0
State Mutation Complete	188	0	9	9	0	0	11
Event Dispatch Begin	189	0	9	9	8	11	0
State Mutation Complete	189	0	9	9	0	0	11
Event Dispatch Begin	190	0	9	9	1	11	0
State Mutation Complete	190	0	9	9	0	0	11
Event Dispatch Begin	191	0	9	9	8	11	0
State Mutation Complete	191	0	9	9	0	0	11
Atlas Publication Begin	192	15	10	10	88	0	0
Atlas Publication Complete	192	15	10	10	0	0	0
Event Dispatch Begin	192	0	9	9	5	11	0
Frame Build Begin	192	15	10	10	1148190720	1141309440	0
Frame Build Complete	192	15	10	10	94	88	0
Glyph Atlas Summary	192	15	10	10	98	0	75264
Layout Cache Summary	192	15	10	10	4	1	3328
State Mutation Complete	192	0	10	10	1	1	12
Text Summary	192	15	10	10	3	0	1
Visible Layout Begin	192	15	10	10	0	0	0
Visible Layout Complete	192	15	10	10	5	0	0
Event Dispatch Begin	193	0	10	10	8	12	0
State Mutation Complete	193	0	10	10	0	0	12
Event Dispatch Begin	194	0	10	10	1	12	0
State Mutation Complete	194	0	10	10	0	0	12
Event Dispatch Begin	195	0	10	10	8	12	0
State Mutation Complete	195	0	10	10	0	0	12
Event Dispatch Begin	196	0	10	10	1	12	0
State Mutation Complete	196	0	10	10	0	0	12
Event Dispatch Begin	197	0	10	10	8	12	0
State Mutation Complete	197	0	10	10	0	0	12
Event Dispatch Begin	198	0	10	10	1	12	0
State Mutation Complete	198	0	10	10	0	0	12
Event Dispatch Begin	199	0	10	10	8	12	0
State Mutation Complete	199	0	10	10	0	0	12
Event Dispatch Begin	200	0	10	10	1	12	0
State Mutation Complete	200	0	10	10	0	0	12
Event Dispatch Begin	201	0	10	10	8	12	0
State Mutation Complete	201	0	10	10	0	0	12
Atlas Publication Begin	202	16	11	11	88	0	0
Atlas Publication Complete	202	16	11	11	0	0	0
Event Dispatch Begin	202	0	10	10	5	12	0
Frame Build Begin	202	16	11	11	1148190720	1141309440	0
Frame Build Complete	202	16	11	11	94	88	0
Glyph Atlas Summary	202	16	11	11	99	0	75264
Layout Cache Summary	202	16	11	11	4	1	3392
State Mutation Complete	202	0	11	11	1	1	13
Text Summary	202	16	11	11	3	0	1
Visible Layout Begin	202	16	11	11	0	0	0
Visible Layout Complete	202	16	11	11	5	0	0
Event Dispatch Begin	203	0	11	11	8	13	0
State Mutation Complete	203	0	11	11	0	0	13
Event Dispatch Begin	204	0	11	11	1	13	0
State Mutation Complete	204	0	11	11	0	0	13
Event Dispatch Begin	205	0	11	11	8	13	0
State Mutation Complete	205	0	11	11	0	0	13
Event Dispatch Begin	206	0	11	11	1	13	0
State Mutation Complete	206	0	11	11	0	0	13
Event Dispatch Begin	207	0	11	11	8	13	0
State Mutation Complete	207	0	11	11	0	0	13
Event Dispatch Begin	208	0	11	11	1	13	0
State Mutation Complete	208	0	11	11	0	0	13
Event Dispatch Begin	209	0	11	11	8	13	0
State Mutation Complete	209	0	11	11	0	0	13
Event Dispatch Begin	210	0	11	11	1	13	0
State Mutation Complete	210	0	11	11	0	0	13
Event Dispatch Begin	211	0	11	11	8	13	0
State Mutation Complete	211	0	11	11	0	0	13
Atlas Publication Begin	212	17	12	12	89	0	0
Atlas Publication Complete	212	17	12	12	0	0	0
Event Dispatch Begin	212	0	11	11	5	13	0
Frame Build Begin	212	17	12	12	1148190720	1141309440	0
Frame Build Complete	212	17	12	12	95	89	0
Glyph Atlas Summary	212	17	12	12	100	0	75264
Layout Cache Summary	212	17	12	12	4	1	3456
Native Event Handler Latency	212	0	0	0	39583	0	0
Native Frame Queue Latency	212	0	0	0	12517208	0	0
Native GPU Terminal Observed Latency	212	0	0	0	21060875	0	0
Native Submission Latency	212	0	0	0	62792	0	0
Native Terminal Record Latency	212	0	0	0	29222208	0	0
State Mutation Complete	212	0	12	12	1	1	14
Text Summary	212	17	12	12	3	0	1
Visible Layout Begin	212	17	12	12	0	0	0
Visible Layout Complete	212	17	12	12	5	0	0
Event Dispatch Begin	213	0	12	12	8	14	0
State Mutation Complete	213	0	12	12	0	0	14
Event Dispatch Begin	214	0	12	12	1	14	0
State Mutation Complete	214	0	12	12	0	0	14
Event Dispatch Begin	215	0	12	12	8	14	0
State Mutation Complete	215	0	12	12	0	0	14
Event Dispatch Begin	216	0	12	12	1	14	0
State Mutation Complete	216	0	12	12	0	0	14
Event Dispatch Begin	217	0	12	12	8	14	0
State Mutation Complete	217	0	12	12	0	0	14
Event Dispatch Begin	218	0	12	12	1	14	0
State Mutation Complete	218	0	12	12	0	0	14
Event Dispatch Begin	219	0	12	12	8	14	0
State Mutation Complete	219	0	12	12	0	0	14
Event Dispatch Begin	220	0	12	12	1	14	0
State Mutation Complete	220	0	12	12	0	0	14
Event Dispatch Begin	221	0	12	12	8	14	0
State Mutation Complete	221	0	12	12	0	0	14
Atlas Publication Begin	222	18	13	13	90	0	0
Atlas Publication Complete	222	18	13	13	2	5888	1
Event Dispatch Begin	222	0	12	12	5	14	0
Frame Build Begin	222	18	13	13	1148190720	1141309440	0
Frame Build Complete	222	18	13	13	96	90	0
Glyph Atlas Summary	222	18	13	13	100	1	75264
Layout Cache Summary	222	18	13	13	4	1	3520
State Mutation Complete	222	0	13	13	1	1	15
Text Summary	222	18	13	13	3	1	1
Visible Layout Begin	222	18	13	13	0	0	0
Visible Layout Complete	222	18	13	13	5	0	0
Event Dispatch Begin	223	0	13	13	8	15	0
State Mutation Complete	223	0	13	13	0	0	15
Event Dispatch Begin	224	0	13	13	1	15	0
State Mutation Complete	224	0	13	13	0	0	15
Event Dispatch Begin	225	0	13	13	8	15	0
State Mutation Complete	225	0	13	13	0	0	15
Event Dispatch Begin	226	0	13	13	1	15	0
State Mutation Complete	226	0	13	13	0	0	15
Event Dispatch Begin	227	0	13	13	8	15	0
State Mutation Complete	227	0	13	13	0	0	15
Event Dispatch Begin	228	0	13	13	1	15	0
State Mutation Complete	228	0	13	13	0	0	15
Event Dispatch Begin	229	0	13	13	8	15	0
State Mutation Complete	229	0	13	13	0	0	15
Event Dispatch Begin	230	0	13	13	1	15	0
State Mutation Complete	230	0	13	13	0	0	15
Event Dispatch Begin	231	0	13	13	8	15	0
State Mutation Complete	231	0	13	13	0	0	15
Atlas Publication Begin	232	19	14	14	91	0	0
Atlas Publication Complete	232	19	14	14	2	6144	1
Event Dispatch Begin	232	0	13	13	5	15	0
Frame Build Begin	232	19	14	14	1148190720	1141309440	0
Frame Build Complete	232	19	14	14	97	91	0
Glyph Atlas Summary	232	19	14	14	101	1	75264
Layout Cache Summary	232	19	14	14	4	1	3584
State Mutation Complete	232	0	14	14	1	1	16
Text Summary	232	19	14	14	3	1	1
Visible Layout Begin	232	19	14	14	0	0	0
Visible Layout Complete	232	19	14	14	5	0	0
Event Dispatch Begin	233	0	14	14	8	16	0
State Mutation Complete	233	0	14	14	0	0	16
Event Dispatch Begin	234	0	14	14	1	16	0
State Mutation Complete	234	0	14	14	0	0	16
Event Dispatch Begin	235	0	14	14	8	16	0
State Mutation Complete	235	0	14	14	0	0	16
Event Dispatch Begin	236	0	14	14	1	16	0
State Mutation Complete	236	0	14	14	0	0	16
Event Dispatch Begin	237	0	14	14	8	16	0
State Mutation Complete	237	0	14	14	0	0	16
Event Dispatch Begin	238	0	14	14	1	16	0
State Mutation Complete	238	0	14	14	0	0	16
Event Dispatch Begin	239	0	14	14	8	16	0
State Mutation Complete	239	0	14	14	0	0	16
Event Dispatch Begin	240	0	14	14	1	16	0
State Mutation Complete	240	0	14	14	0	0	16
Event Dispatch Begin	241	0	14	14	8	16	0
State Mutation Complete	241	0	14	14	0	0	16
Atlas Publication Begin	242	20	15	15	92	0	0
Atlas Publication Complete	242	20	15	15	0	0	0
Event Dispatch Begin	242	0	14	14	5	16	0
Frame Build Begin	242	20	15	15	1148190720	1141309440	0
Frame Build Complete	242	20	15	15	98	92	0
Glyph Atlas Summary	242	20	15	15	103	0	75264
Layout Cache Summary	242	20	15	15	4	1	3648
State Mutation Complete	242	0	15	15	1	1	17
Text Summary	242	20	15	15	3	0	1
Visible Layout Begin	242	20	15	15	0	0	0
Visible Layout Complete	242	20	15	15	5	0	0
Event Dispatch Begin	243	0	15	15	8	17	0
State Mutation Complete	243	0	15	15	0	0	17
Event Dispatch Begin	244	0	15	15	1	17	0
State Mutation Complete	244	0	15	15	0	0	17
Event Dispatch Begin	245	0	15	15	8	17	0
State Mutation Complete	245	0	15	15	0	0	17
Event Dispatch Begin	246	0	15	15	1	17	0
State Mutation Complete	246	0	15	15	0	0	17
Event Dispatch Begin	247	0	15	15	8	17	0
State Mutation Complete	247	0	15	15	0	0	17
Event Dispatch Begin	248	0	15	15	1	17	0
State Mutation Complete	248	0	15	15	0	0	17
Event Dispatch Begin	249	0	15	15	8	17	0
State Mutation Complete	249	0	15	15	0	0	17
Event Dispatch Begin	250	0	15	15	1	17	0
State Mutation Complete	250	0	15	15	0	0	17
Event Dispatch Begin	251	0	15	15	8	17	0
State Mutation Complete	251	0	15	15	0	0	17
Atlas Publication Begin	252	21	16	16	93	0	0
Atlas Publication Complete	252	21	16	16	0	0	0
Event Dispatch Begin	252	0	15	15	5	17	0
Frame Build Begin	252	21	16	16	1148190720	1141309440	0
Frame Build Complete	252	21	16	16	99	93	0
Glyph Atlas Summary	252	21	16	16	104	0	75264
Layout Cache Summary	252	21	16	16	4	1	3712
State Mutation Complete	252	0	16	16	1	1	18
Text Summary	252	21	16	16	3	0	1
Visible Layout Begin	252	21	16	16	0	0	0
Visible Layout Complete	252	21	16	16	5	0	0
Event Dispatch Begin	253	0	16	16	8	18	0
State Mutation Complete	253	0	16	16	0	0	18
Event Dispatch Begin	254	0	16	16	1	18	0
State Mutation Complete	254	0	16	16	0	0	18
Event Dispatch Begin	255	0	16	16	8	18	0
State Mutation Complete	255	0	16	16	0	0	18
Event Dispatch Begin	256	0	16	16	1	18	0
State Mutation Complete	256	0	16	16	0	0	18
Event Dispatch Begin	257	0	16	16	8	18	0
State Mutation Complete	257	0	16	16	0	0	18
Event Dispatch Begin	258	0	16	16	1	18	0
State Mutation Complete	258	0	16	16	0	0	18
Event Dispatch Begin	259	0	16	16	8	18	0
State Mutation Complete	259	0	16	16	0	0	18
Event Dispatch Begin	260	0	16	16	1	18	0
State Mutation Complete	260	0	16	16	0	0	18
Event Dispatch Begin	261	0	16	16	8	18	0
State Mutation Complete	261	0	16	16	0	0	18
Atlas Publication Begin	262	22	17	17	94	0	0
Atlas Publication Complete	262	22	17	17	0	0	0
Event Dispatch Begin	262	0	16	16	5	18	0
Frame Build Begin	262	22	17	17	1148190720	1141309440	0
Frame Build Complete	262	22	17	17	100	94	0
Glyph Atlas Summary	262	22	17	17	105	0	75264
Layout Cache Summary	262	22	17	17	4	1	3776
Native Event Handler Latency	262	0	0	0	36708	0	0
Native Frame Queue Latency	262	0	0	0	11976542	0	0
Native GPU Terminal Observed Latency	262	0	0	0	20338333	0	0
Native Submission Latency	262	0	0	0	84666	0	0
Native Terminal Record Latency	262	0	0	0	20339083	0	0
State Mutation Complete	262	0	17	17	1	1	19
Text Summary	262	22	17	17	3	0	1
Visible Layout Begin	262	22	17	17	0	0	0
Visible Layout Complete	262	22	17	17	5	0	0
Event Dispatch Begin	263	0	17	17	8	19	0
State Mutation Complete	263	0	17	17	0	0	19
Event Dispatch Begin	264	0	17	17	1	19	0
State Mutation Complete	264	0	17	17	0	0	19
Event Dispatch Begin	265	0	17	17	8	19	0
State Mutation Complete	265	0	17	17	0	0	19
Event Dispatch Begin	266	0	17	17	1	19	0
State Mutation Complete	266	0	17	17	0	0	19
Event Dispatch Begin	267	0	17	17	8	19	0
State Mutation Complete	267	0	17	17	0	0	19
Event Dispatch Begin	268	0	17	17	1	19	0
State Mutation Complete	268	0	17	17	0	0	19
Event Dispatch Begin	269	0	17	17	8	19	0
State Mutation Complete	269	0	17	17	0	0	19
Event Dispatch Begin	270	0	17	17	1	19	0
State Mutation Complete	270	0	17	17	0	0	19
Event Dispatch Begin	271	0	17	17	8	19	0
State Mutation Complete	271	0	17	17	0	0	19
Atlas Publication Begin	272	23	18	18	95	0	0
Atlas Publication Complete	272	23	18	18	0	0	0
Event Dispatch Begin	272	0	17	17	5	19	0
Frame Build Begin	272	23	18	18	1148190720	1141309440	0
Frame Build Complete	272	23	18	18	101	95	0
Glyph Atlas Summary	272	23	18	18	106	0	75264
Layout Cache Summary	272	23	18	18	4	1	3840
State Mutation Complete	272	0	18	18	1	1	20
Text Summary	272	23	18	18	3	0	1
Visible Layout Begin	272	23	18	18	0	0	0
Visible Layout Complete	272	23	18	18	5	0	0
Event Dispatch Begin	273	0	18	18	8	20	0
State Mutation Complete	273	0	18	18	0	0	20
Event Dispatch Begin	274	0	18	18	1	20	0
State Mutation Complete	274	0	18	18	0	0	20
Event Dispatch Begin	275	0	18	18	8	20	0
State Mutation Complete	275	0	18	18	0	0	20
Event Dispatch Begin	276	0	18	18	1	20	0
State Mutation Complete	276	0	18	18	0	0	20
Event Dispatch Begin	277	0	18	18	8	20	0
State Mutation Complete	277	0	18	18	0	0	20
Event Dispatch Begin	278	0	18	18	1	20	0
State Mutation Complete	278	0	18	18	0	0	20
Event Dispatch Begin	279	0	18	18	8	20	0
State Mutation Complete	279	0	18	18	0	0	20
Event Dispatch Begin	280	0	18	18	1	20	0
State Mutation Complete	280	0	18	18	0	0	20
Event Dispatch Begin	281	0	18	18	8	20	0
State Mutation Complete	281	0	18	18	0	0	20
Atlas Publication Begin	282	24	19	19	96	0	0
Atlas Publication Complete	282	24	19	19	0	0	0
Event Dispatch Begin	282	0	18	18	5	20	0
Frame Build Begin	282	24	19	19	1148190720	1141309440	0
Frame Build Complete	282	24	19	19	102	96	0
Glyph Atlas Summary	282	24	19	19	107	0	75264
Layout Cache Summary	282	24	19	19	4	1	3904
State Mutation Complete	282	0	19	19	1	1	21
Text Summary	282	24	19	19	3	0	1
Visible Layout Begin	282	24	19	19	0	0	0
Visible Layout Complete	282	24	19	19	5	0	0
Event Dispatch Begin	283	0	19	19	8	21	0
State Mutation Complete	283	0	19	19	0	0	21
Event Dispatch Begin	284	0	19	19	1	21	0
State Mutation Complete	284	0	19	19	0	0	21
Event Dispatch Begin	285	0	19	19	8	21	0
State Mutation Complete	285	0	19	19	0	0	21
Event Dispatch Begin	286	0	19	19	1	21	0
State Mutation Complete	286	0	19	19	0	0	21
Event Dispatch Begin	287	0	19	19	8	21	0
State Mutation Complete	287	0	19	19	0	0	21
Event Dispatch Begin	288	0	19	19	1	21	0
State Mutation Complete	288	0	19	19	0	0	21
Event Dispatch Begin	289	0	19	19	8	21	0
State Mutation Complete	289	0	19	19	0	0	21
Event Dispatch Begin	290	0	19	19	1	21	0
State Mutation Complete	290	0	19	19	0	0	21
Event Dispatch Begin	291	0	19	19	8	21	0
State Mutation Complete	291	0	19	19	0	0	21
Atlas Publication Begin	292	25	20	20	96	0	0
Atlas Publication Complete	292	25	20	20	0	0	0
Event Dispatch Begin	292	0	19	19	5	21	0
Frame Build Begin	292	25	20	20	1148190720	1141309440	0
Frame Build Complete	292	25	20	20	102	96	0
Glyph Atlas Summary	292	25	20	20	108	0	75264
Layout Cache Summary	292	25	20	20	4	1	3968
State Mutation Complete	292	0	20	20	1	1	22
Text Summary	292	25	20	20	3	0	1
Visible Layout Begin	292	25	20	20	0	0	0
Visible Layout Complete	292	25	20	20	5	0	0
Event Dispatch Begin	293	0	20	20	8	22	0
State Mutation Complete	293	0	20	20	0	0	22
Event Dispatch Begin	294	0	20	20	1	22	0
State Mutation Complete	294	0	20	20	0	0	22
Event Dispatch Begin	295	0	20	20	8	22	0
State Mutation Complete	295	0	20	20	0	0	22
Event Dispatch Begin	296	0	20	20	1	22	0
State Mutation Complete	296	0	20	20	0	0	22
Event Dispatch Begin	297	0	20	20	8	22	0
State Mutation Complete	297	0	20	20	0	0	22
Event Dispatch Begin	298	0	20	20	1	22	0
State Mutation Complete	298	0	20	20	0	0	22
Event Dispatch Begin	299	0	20	20	8	22	0
State Mutation Complete	299	0	20	20	0	0	22
Event Dispatch Begin	300	0	20	20	1	22	0
State Mutation Complete	300	0	20	20	0	0	22
Event Dispatch Begin	301	0	20	20	8	22	0
State Mutation Complete	301	0	20	20	0	0	22
Atlas Publication Begin	302	26	21	21	97	0	0
Atlas Publication Complete	302	26	21	21	0	0	0
Event Dispatch Begin	302	0	20	20	5	22	0
Frame Build Begin	302	26	21	21	1148190720	1141309440	0
Frame Build Complete	302	26	21	21	103	97	0
Glyph Atlas Summary	302	26	21	21	109	0	75264
Layout Cache Summary	302	26	21	21	4	1	4032
State Mutation Complete	302	0	21	21	1	1	23
Text Summary	302	26	21	21	3	0	1
Visible Layout Begin	302	26	21	21	0	0	0
Visible Layout Complete	302	26	21	21	5	0	0
Event Dispatch Begin	303	0	21	21	8	23	0
State Mutation Complete	303	0	21	21	0	0	23
Event Dispatch Begin	304	0	21	21	1	23	0
State Mutation Complete	304	0	21	21	0	0	23
Event Dispatch Begin	305	0	21	21	8	23	0
State Mutation Complete	305	0	21	21	0	0	23
Event Dispatch Begin	306	0	21	21	1	23	0
State Mutation Complete	306	0	21	21	0	0	23
Event Dispatch Begin	307	0	21	21	8	23	0
State Mutation Complete	307	0	21	21	0	0	23
Event Dispatch Begin	308	0	21	21	1	23	0
State Mutation Complete	308	0	21	21	0	0	23
Event Dispatch Begin	309	0	21	21	8	23	0
State Mutation Complete	309	0	21	21	0	0	23
Event Dispatch Begin	310	0	21	21	1	23	0
State Mutation Complete	310	0	21	21	0	0	23
Event Dispatch Begin	311	0	21	21	8	23	0
State Mutation Complete	311	0	21	21	0	0	23
Atlas Publication Begin	312	27	22	22	98	0	0
Atlas Publication Complete	312	27	22	22	0	0	0
Event Dispatch Begin	312	0	21	21	5	23	0
Frame Build Begin	312	27	22	22	1148190720	1141309440	0
Frame Build Complete	312	27	22	22	104	98	0
Glyph Atlas Summary	312	27	22	22	110	0	75264
Layout Cache Summary	312	27	22	22	4	1	4096
Native Event Handler Latency	312	0	0	0	57209	0	0
Native Frame Queue Latency	312	0	0	0	4069333	0	0
Native GPU Terminal Observed Latency	312	0	0	0	12431250	0	0
Native Submission Latency	312	0	0	0	83083	0	0
Native Terminal Record Latency	312	0	0	0	12431875	0	0
State Mutation Complete	312	0	22	22	1	1	24
Text Summary	312	27	22	22	3	0	1
Visible Layout Begin	312	27	22	22	0	0	0
Visible Layout Complete	312	27	22	22	5	0	0
Event Dispatch Begin	313	0	22	22	8	24	0
State Mutation Complete	313	0	22	22	0	0	24
Event Dispatch Begin	314	0	22	22	1	24	0
State Mutation Complete	314	0	22	22	0	0	24
Event Dispatch Begin	315	0	22	22	8	24	0
State Mutation Complete	315	0	22	22	0	0	24
Event Dispatch Begin	316	0	22	22	1	24	0
State Mutation Complete	316	0	22	22	0	0	24
Event Dispatch Begin	317	0	22	22	8	24	0
State Mutation Complete	317	0	22	22	0	0	24
Event Dispatch Begin	318	0	22	22	1	24	0
State Mutation Complete	318	0	22	22	0	0	24
Event Dispatch Begin	319	0	22	22	8	24	0
State Mutation Complete	319	0	22	22	0	0	24
Event Dispatch Begin	320	0	22	22	1	24	0
State Mutation Complete	320	0	22	22	0	0	24
Event Dispatch Begin	321	0	22	22	8	24	0
State Mutation Complete	321	0	22	22	0	0	24
Atlas Publication Begin	322	28	23	23	99	0	0
Atlas Publication Complete	322	28	23	23	0	0	0
Event Dispatch Begin	322	0	22	22	5	24	0
Frame Build Begin	322	28	23	23	1148190720	1141309440	0
Frame Build Complete	322	28	23	23	105	99	0
Glyph Atlas Summary	322	28	23	23	111	0	75264
Layout Cache Summary	322	28	23	23	4	1	4160
State Mutation Complete	322	0	23	23	1	1	25
Text Summary	322	28	23	23	3	0	1
Visible Layout Begin	322	28	23	23	0	0	0
Visible Layout Complete	322	28	23	23	5	0	0
Event Dispatch Begin	323	0	23	23	8	25	0
State Mutation Complete	323	0	23	23	0	0	25
Event Dispatch Begin	324	0	23	23	1	25	0
State Mutation Complete	324	0	23	23	0	0	25
Event Dispatch Begin	325	0	23	23	8	25	0
State Mutation Complete	325	0	23	23	0	0	25
Event Dispatch Begin	326	0	23	23	1	25	0
State Mutation Complete	326	0	23	23	0	0	25
Event Dispatch Begin	327	0	23	23	8	25	0
State Mutation Complete	327	0	23	23	0	0	25
Event Dispatch Begin	328	0	23	23	1	25	0
State Mutation Complete	328	0	23	23	0	0	25
Event Dispatch Begin	329	0	23	23	8	25	0
State Mutation Complete	329	0	23	23	0	0	25
Event Dispatch Begin	330	0	23	23	1	25	0
State Mutation Complete	330	0	23	23	0	0	25
Event Dispatch Begin	331	0	23	23	8	25	0
State Mutation Complete	331	0	23	23	0	0	25
Atlas Publication Begin	332	29	24	24	100	0	0
Atlas Publication Complete	332	29	24	24	0	0	0
Event Dispatch Begin	332	0	23	23	5	25	0
Frame Build Begin	332	29	24	24	1148190720	1141309440	0
Frame Build Complete	332	29	24	24	106	100	0
Glyph Atlas Summary	332	29	24	24	112	0	75264
Layout Cache Summary	332	29	24	24	4	1	4224
State Mutation Complete	332	0	24	24	1	1	26
Text Summary	332	29	24	24	3	0	1
Visible Layout Begin	332	29	24	24	0	0	0
Visible Layout Complete	332	29	24	24	5	0	0
Event Dispatch Begin	333	0	24	24	8	26	0
State Mutation Complete	333	0	24	24	0	0	26
Event Dispatch Begin	334	0	24	24	1	26	0
State Mutation Complete	334	0	24	24	0	0	26
Event Dispatch Begin	335	0	24	24	8	26	0
State Mutation Complete	335	0	24	24	0	0	26
Event Dispatch Begin	336	0	24	24	1	26	0
State Mutation Complete	336	0	24	24	0	0	26
Event Dispatch Begin	337	0	24	24	8	26	0
State Mutation Complete	337	0	24	24	0	0	26
Event Dispatch Begin	338	0	24	24	1	26	0
State Mutation Complete	338	0	24	24	0	0	26
Event Dispatch Begin	339	0	24	24	8	26	0
State Mutation Complete	339	0	24	24	0	0	26
Event Dispatch Begin	340	0	24	24	1	26	0
State Mutation Complete	340	0	24	24	0	0	26
Event Dispatch Begin	341	0	24	24	8	26	0
State Mutation Complete	341	0	24	24	0	0	26
Atlas Publication Begin	342	30	25	25	101	0	0
Atlas Publication Complete	342	30	25	25	0	0	0
Event Dispatch Begin	342	0	24	24	5	26	0
Frame Build Begin	342	30	25	25	1148190720	1141309440	0
Frame Build Complete	342	30	25	25	107	101	0
Glyph Atlas Summary	342	30	25	25	113	0	75264
Layout Cache Summary	342	30	25	25	4	1	4288
State Mutation Complete	342	0	25	25	1	1	27
Text Summary	342	30	25	25	3	0	1
Visible Layout Begin	342	30	25	25	0	0	0
Visible Layout Complete	342	30	25	25	5	0	0
Event Dispatch Begin	343	0	25	25	8	27	0
State Mutation Complete	343	0	25	25	0	0	27
Event Dispatch Begin	344	0	25	25	1	27	0
State Mutation Complete	344	0	25	25	0	0	27
Event Dispatch Begin	345	0	25	25	8	27	0
State Mutation Complete	345	0	25	25	0	0	27
Event Dispatch Begin	346	0	25	25	1	27	0
State Mutation Complete	346	0	25	25	0	0	27
Event Dispatch Begin	347	0	25	25	8	27	0
State Mutation Complete	347	0	25	25	0	0	27
Event Dispatch Begin	348	0	25	25	1	27	0
State Mutation Complete	348	0	25	25	0	0	27
Event Dispatch Begin	349	0	25	25	8	27	0
State Mutation Complete	349	0	25	25	0	0	27
Event Dispatch Begin	350	0	25	25	1	27	0
State Mutation Complete	350	0	25	25	0	0	27
Event Dispatch Begin	351	0	25	25	8	27	0
State Mutation Complete	351	0	25	25	0	0	27
Atlas Publication Begin	352	31	26	26	102	0	0
Atlas Publication Complete	352	31	26	26	0	0	0
Event Dispatch Begin	352	0	25	25	5	27	0
Frame Build Begin	352	31	26	26	1148190720	1141309440	0
Frame Build Complete	352	31	26	26	108	102	0
Glyph Atlas Summary	352	31	26	26	114	0	75264
Layout Cache Summary	352	31	26	26	4	1	4352
State Mutation Complete	352	0	26	26	1	1	28
Text Summary	352	31	26	26	3	0	1
Visible Layout Begin	352	31	26	26	0	0	0
Visible Layout Complete	352	31	26	26	5	0	0
Event Dispatch Begin	353	0	26	26	8	28	0
State Mutation Complete	353	0	26	26	0	0	28
Event Dispatch Begin	354	0	26	26	1	28	0
State Mutation Complete	354	0	26	26	0	0	28
Event Dispatch Begin	355	0	26	26	8	28	0
State Mutation Complete	355	0	26	26	0	0	28
Event Dispatch Begin	356	0	26	26	1	28	0
State Mutation Complete	356	0	26	26	0	0	28
Event Dispatch Begin	357	0	26	26	8	28	0
State Mutation Complete	357	0	26	26	0	0	28
Event Dispatch Begin	358	0	26	26	1	28	0
State Mutation Complete	358	0	26	26	0	0	28
Event Dispatch Begin	359	0	26	26	8	28	0
State Mutation Complete	359	0	26	26	0	0	28
Event Dispatch Begin	360	0	26	26	1	28	0
State Mutation Complete	360	0	26	26	0	0	28
Event Dispatch Begin	361	0	26	26	8	28	0
State Mutation Complete	361	0	26	26	0	0	28
Atlas Publication Begin	362	32	27	27	103	0	0
Atlas Publication Complete	362	32	27	27	0	0	0
Event Dispatch Begin	362	0	26	26	5	28	0
Frame Build Begin	362	32	27	27	1148190720	1141309440	0
Frame Build Complete	362	32	27	27	109	103	0
Glyph Atlas Summary	362	32	27	27	115	0	75264
Layout Cache Summary	362	32	27	27	4	1	4416
State Mutation Complete	362	0	27	27	1	1	29
Text Summary	362	32	27	27	3	0	1
Visible Layout Begin	362	32	27	27	0	0	0
Visible Layout Complete	362	32	27	27	5	0	0
Event Dispatch Begin	363	0	27	27	8	29	0
State Mutation Complete	363	0	27	27	0	0	29
Event Dispatch Begin	364	0	27	27	1	29	0
State Mutation Complete	364	0	27	27	0	0	29
Event Dispatch Begin	365	0	27	27	8	29	0
State Mutation Complete	365	0	27	27	0	0	29
Event Dispatch Begin	366	0	27	27	1	29	0
State Mutation Complete	366	0	27	27	0	0	29
Event Dispatch Begin	367	0	27	27	8	29	0
State Mutation Complete	367	0	27	27	0	0	29
Event Dispatch Begin	368	0	27	27	1	29	0
State Mutation Complete	368	0	27	27	0	0	29
Event Dispatch Begin	369	0	27	27	8	29	0
State Mutation Complete	369	0	27	27	0	0	29
Event Dispatch Begin	370	0	27	27	1	29	0
State Mutation Complete	370	0	27	27	0	0	29
Event Dispatch Begin	371	0	27	27	8	29	0
State Mutation Complete	371	0	27	27	0	0	29
Atlas Publication Begin	372	33	28	28	103	0	0
Atlas Publication Complete	372	33	28	28	0	0	0
Event Dispatch Begin	372	0	27	27	5	29	0
Frame Build Begin	372	33	28	28	1148190720	1141309440	0
Frame Build Complete	372	33	28	28	109	103	0
Glyph Atlas Summary	372	33	28	28	116	0	75264
Layout Cache Summary	372	33	28	28	4	1	4480
State Mutation Complete	372	0	28	28	1	1	30
Text Summary	372	33	28	28	3	0	1
Visible Layout Begin	372	33	28	28	0	0	0
Visible Layout Complete	372	33	28	28	5	0	0
Event Dispatch Begin	373	0	28	28	8	30	0
State Mutation Complete	373	0	28	28	0	0	30
Event Dispatch Begin	374	0	28	28	1	30	0
State Mutation Complete	374	0	28	28	0	0	30
Event Dispatch Begin	375	0	28	28	8	30	0
State Mutation Complete	375	0	28	28	0	0	30
Event Dispatch Begin	376	0	28	28	1	30	0
State Mutation Complete	376	0	28	28	0	0	30
Event Dispatch Begin	377	0	28	28	8	30	0
State Mutation Complete	377	0	28	28	0	0	30
Event Dispatch Begin	378	0	28	28	1	30	0
State Mutation Complete	378	0	28	28	0	0	30
Event Dispatch Begin	379	0	28	28	8	30	0
State Mutation Complete	379	0	28	28	0	0	30
Event Dispatch Begin	380	0	28	28	1	30	0
State Mutation Complete	380	0	28	28	0	0	30
Event Dispatch Begin	381	0	28	28	8	30	0
State Mutation Complete	381	0	28	28	0	0	30
Atlas Publication Begin	382	34	29	29	104	0	0
Atlas Publication Complete	382	34	29	29	0	0	0
Event Dispatch Begin	382	0	28	28	5	30	0
Frame Build Begin	382	34	29	29	1148190720	1141309440	0
Frame Build Complete	382	34	29	29	110	104	0
Glyph Atlas Summary	382	34	29	29	117	0	75264
Layout Cache Summary	382	34	29	29	4	1	4544
State Mutation Complete	382	0	29	29	1	1	31
Text Summary	382	34	29	29	3	0	1
Visible Layout Begin	382	34	29	29	0	0	0
Visible Layout Complete	382	34	29	29	5	0	0
Event Dispatch Begin	383	0	29	29	8	31	0
State Mutation Complete	383	0	29	29	0	0	31
Event Dispatch Begin	384	0	29	29	1	31	0
State Mutation Complete	384	0	29	29	0	0	31
Event Dispatch Begin	385	0	29	29	8	31	0
State Mutation Complete	385	0	29	29	0	0	31
Event Dispatch Begin	386	0	29	29	1	31	0
State Mutation Complete	386	0	29	29	0	0	31
Event Dispatch Begin	387	0	29	29	8	31	0
State Mutation Complete	387	0	29	29	0	0	31
Event Dispatch Begin	388	0	29	29	1	31	0
State Mutation Complete	388	0	29	29	0	0	31
Event Dispatch Begin	389	0	29	29	8	31	0
State Mutation Complete	389	0	29	29	0	0	31
Event Dispatch Begin	390	0	29	29	1	31	0
State Mutation Complete	390	0	29	29	0	0	31
Event Dispatch Begin	391	0	29	29	8	31	0
State Mutation Complete	391	0	29	29	0	0	31
Atlas Publication Begin	392	35	30	30	105	0	0
Atlas Publication Complete	392	35	30	30	2	6144	1
Event Dispatch Begin	392	0	29	29	5	31	0
Frame Build Begin	392	35	30	30	1148190720	1141309440	0
Frame Build Complete	392	35	30	30	111	105	0
Glyph Atlas Summary	392	35	30	30	117	1	75264
Layout Cache Summary	392	35	30	30	4	1	4608
State Mutation Complete	392	0	30	30	1	1	32
Text Summary	392	35	30	30	3	1	1
Visible Layout Begin	392	35	30	30	0	0	0
Visible Layout Complete	392	35	30	30	5	0	0
Event Dispatch Begin	393	0	30	30	8	32	0
State Mutation Complete	393	0	30	30	0	0	32
Event Dispatch Begin	394	0	30	30	1	32	0
State Mutation Complete	394	0	30	30	0	0	32
Event Dispatch Begin	395	0	30	30	8	32	0
State Mutation Complete	395	0	30	30	0	0	32
Event Dispatch Begin	396	0	30	30	1	32	0
State Mutation Complete	396	0	30	30	0	0	32
Event Dispatch Begin	397	0	30	30	8	32	0
State Mutation Complete	397	0	30	30	0	0	32
Event Dispatch Begin	398	0	30	30	1	32	0
State Mutation Complete	398	0	30	30	0	0	32
Event Dispatch Begin	399	0	30	30	8	32	0
State Mutation Complete	399	0	30	30	0	0	32
Event Dispatch Begin	400	0	30	30	1	32	0
State Mutation Complete	400	0	30	30	0	0	32
Event Dispatch Begin	401	0	30	30	8	32	0
State Mutation Complete	401	0	30	30	0	0	32
Atlas Publication Begin	402	36	31	31	106	0	0
Atlas Publication Complete	402	36	31	31	2	6144	1
Event Dispatch Begin	402	0	30	30	5	32	0
Frame Build Begin	402	36	31	31	1148190720	1141309440	0
Frame Build Complete	402	36	31	31	112	106	0
Glyph Atlas Summary	402	36	31	31	118	1	75264
Layout Cache Summary	402	36	31	31	4	1	4672
State Mutation Complete	402	0	31	31	1	1	33
Text Summary	402	36	31	31	3	1	1
Visible Layout Begin	402	36	31	31	0	0	0
Visible Layout Complete	402	36	31	31	5	0	0
Event Dispatch Begin	403	0	31	31	8	33	0
State Mutation Complete	403	0	31	31	0	0	33
Event Dispatch Begin	404	0	31	31	1	33	0
State Mutation Complete	404	0	31	31	0	0	33
Event Dispatch Begin	405	0	31	31	8	33	0
State Mutation Complete	405	0	31	31	0	0	33
Event Dispatch Begin	406	0	31	31	1	33	0
State Mutation Complete	406	0	31	31	0	0	33
Event Dispatch Begin	407	0	31	31	8	33	0
State Mutation Complete	407	0	31	31	0	0	33
Event Dispatch Begin	408	0	31	31	1	33	0
State Mutation Complete	408	0	31	31	0	0	33
Event Dispatch Begin	409	0	31	31	8	33	0
State Mutation Complete	409	0	31	31	0	0	33
Event Dispatch Begin	410	0	31	31	1	33	0
State Mutation Complete	410	0	31	31	0	0	33
Event Dispatch Begin	411	0	31	31	8	33	0
State Mutation Complete	411	0	31	31	0	0	33
Atlas Publication Begin	412	37	32	32	107	0	0
Atlas Publication Complete	412	37	32	32	0	0	0
Event Dispatch Begin	412	0	31	31	5	33	0
Frame Build Begin	412	37	32	32	1148190720	1141309440	0
Frame Build Complete	412	37	32	32	113	107	0
Glyph Atlas Summary	412	37	32	32	120	0	75264
Layout Cache Summary	412	37	32	32	4	1	4736
Native Event Handler Latency	412	0	0	0	44833	0	0
Native Frame Queue Latency	412	0	0	0	81542	0	0
Native GPU Terminal Observed Latency	412	0	0	0	8356667	0	0
Native Submission Latency	412	0	0	0	78875	0	0
Native Terminal Record Latency	412	0	0	0	8358333	0	0
State Mutation Complete	412	0	32	32	1	1	34
Text Summary	412	37	32	32	3	0	1
Visible Layout Begin	412	37	32	32	0	0	0
Visible Layout Complete	412	37	32	32	5	0	0
Event Dispatch Begin	413	0	32	32	8	34	0
State Mutation Complete	413	0	32	32	0	0	34
Event Dispatch Begin	414	0	32	32	1	34	0
State Mutation Complete	414	0	32	32	0	0	34
Event Dispatch Begin	415	0	32	32	8	34	0
State Mutation Complete	415	0	32	32	0	0	34
Event Dispatch Begin	416	0	32	32	1	34	0
State Mutation Complete	416	0	32	32	0	0	34
Event Dispatch Begin	417	0	32	32	8	34	0
State Mutation Complete	417	0	32	32	0	0	34
Event Dispatch Begin	418	0	32	32	1	34	0
State Mutation Complete	418	0	32	32	0	0	34
Event Dispatch Begin	419	0	32	32	8	34	0
State Mutation Complete	419	0	32	32	0	0	34
Event Dispatch Begin	420	0	32	32	1	34	0
State Mutation Complete	420	0	32	32	0	0	34
Event Dispatch Begin	421	0	32	32	8	34	0
State Mutation Complete	421	0	32	32	0	0	34
Atlas Publication Begin	422	38	33	33	108	0	0
Atlas Publication Complete	422	38	33	33	2	5888	1
Event Dispatch Begin	422	0	32	32	5	34	0
Frame Build Begin	422	38	33	33	1148190720	1141309440	0
Frame Build Complete	422	38	33	33	114	108	0
Glyph Atlas Summary	422	38	33	33	120	1	75264
Layout Cache Summary	422	38	33	33	4	1	4800
State Mutation Complete	422	0	33	33	1	1	35
Text Summary	422	38	33	33	3	1	1
Visible Layout Begin	422	38	33	33	0	0	0
Visible Layout Complete	422	38	33	33	5	0	0
Event Dispatch Begin	423	0	33	33	8	35	0
State Mutation Complete	423	0	33	33	0	0	35
Event Dispatch Begin	424	0	33	33	1	35	0
State Mutation Complete	424	0	33	33	0	0	35
Event Dispatch Begin	425	0	33	33	8	35	0
State Mutation Complete	425	0	33	33	0	0	35
Event Dispatch Begin	426	0	33	33	1	35	0
State Mutation Complete	426	0	33	33	0	0	35
Event Dispatch Begin	427	0	33	33	8	35	0
State Mutation Complete	427	0	33	33	0	0	35
Event Dispatch Begin	428	0	33	33	1	35	0
State Mutation Complete	428	0	33	33	0	0	35
Event Dispatch Begin	429	0	33	33	8	35	0
State Mutation Complete	429	0	33	33	0	0	35
Event Dispatch Begin	430	0	33	33	1	35	0
State Mutation Complete	430	0	33	33	0	0	35
Event Dispatch Begin	431	0	33	33	8	35	0
State Mutation Complete	431	0	33	33	0	0	35
Atlas Publication Begin	432	39	34	34	109	0	0
Atlas Publication Complete	432	39	34	34	2	6144	1
Event Dispatch Begin	432	0	33	33	5	35	0
Frame Build Begin	432	39	34	34	1148190720	1141309440	0
Frame Build Complete	432	39	34	34	115	109	0
Glyph Atlas Summary	432	39	34	34	121	1	75264
Layout Cache Summary	432	39	34	34	4	1	4864
State Mutation Complete	432	0	34	34	1	1	36
Text Summary	432	39	34	34	3	1	1
Visible Layout Begin	432	39	34	34	0	0	0
Visible Layout Complete	432	39	34	34	5	0	0
Event Dispatch Begin	433	0	34	34	8	36	0
State Mutation Complete	433	0	34	34	0	0	36
Event Dispatch Begin	434	0	34	34	1	36	0
State Mutation Complete	434	0	34	34	0	0	36
Event Dispatch Begin	435	0	34	34	8	36	0
State Mutation Complete	435	0	34	34	0	0	36
Event Dispatch Begin	436	0	34	34	1	36	0
State Mutation Complete	436	0	34	34	0	0	36
Event Dispatch Begin	437	0	34	34	8	36	0
State Mutation Complete	437	0	34	34	0	0	36
Event Dispatch Begin	438	0	34	34	1	36	0
State Mutation Complete	438	0	34	34	0	0	36
Event Dispatch Begin	439	0	34	34	8	36	0
State Mutation Complete	439	0	34	34	0	0	36
Event Dispatch Begin	440	0	34	34	1	36	0
State Mutation Complete	440	0	34	34	0	0	36
Event Dispatch Begin	441	0	34	34	8	36	0
State Mutation Complete	441	0	34	34	0	0	36
Atlas Publication Begin	442	40	35	35	110	0	0
Atlas Publication Complete	442	40	35	35	0	0	0
Event Dispatch Begin	442	0	34	34	5	36	0
Frame Build Begin	442	40	35	35	1148190720	1141309440	0
Frame Build Complete	442	40	35	35	116	110	0
Glyph Atlas Summary	442	40	35	35	123	0	75264
Layout Cache Summary	442	40	35	35	4	1	4928
State Mutation Complete	442	0	35	35	1	1	37
Text Summary	442	40	35	35	3	0	1
Visible Layout Begin	442	40	35	35	0	0	0
Visible Layout Complete	442	40	35	35	5	0	0
Event Dispatch Begin	443	0	35	35	8	37	0
State Mutation Complete	443	0	35	35	0	0	37
Event Dispatch Begin	444	0	35	35	1	37	0
State Mutation Complete	444	0	35	35	0	0	37
Event Dispatch Begin	445	0	35	35	8	37	0
State Mutation Complete	445	0	35	35	0	0	37
Event Dispatch Begin	446	0	35	35	1	37	0
State Mutation Complete	446	0	35	35	0	0	37
Event Dispatch Begin	447	0	35	35	8	37	0
State Mutation Complete	447	0	35	35	0	0	37
Event Dispatch Begin	448	0	35	35	1	37	0
State Mutation Complete	448	0	35	35	0	0	37
Event Dispatch Begin	449	0	35	35	8	37	0
State Mutation Complete	449	0	35	35	0	0	37
Event Dispatch Begin	450	0	35	35	1	37	0
State Mutation Complete	450	0	35	35	0	0	37
Event Dispatch Begin	451	0	35	35	8	37	0
State Mutation Complete	451	0	35	35	0	0	37
Atlas Publication Begin	452	41	36	36	110	0	0
Atlas Publication Complete	452	41	36	36	0	0	0
Event Dispatch Begin	452	0	35	35	5	37	0
Frame Build Begin	452	41	36	36	1148190720	1141309440	0
Frame Build Complete	452	41	36	36	116	110	0
Glyph Atlas Summary	452	41	36	36	124	0	75264
Layout Cache Summary	452	41	36	36	4	1	4992
Native Event Handler Latency	452	0	0	0	76958	0	0
Native Frame Queue Latency	452	0	0	0	110417	0	0
Native GPU Terminal Observed Latency	452	0	0	0	8293417	0	0
Native Submission Latency	452	0	0	0	114083	0	0
Native Terminal Record Latency	452	0	0	0	8295083	0	0
State Mutation Complete	452	0	36	36	1	1	38
Text Summary	452	41	36	36	3	0	1
Visible Layout Begin	452	41	36	36	0	0	0
Visible Layout Complete	452	41	36	36	5	0	0
Event Dispatch Begin	453	0	36	36	8	38	0
State Mutation Complete	453	0	36	36	0	0	38
Event Dispatch Begin	454	0	36	36	1	38	0
State Mutation Complete	454	0	36	36	0	0	38
Event Dispatch Begin	455	0	36	36	8	38	0
State Mutation Complete	455	0	36	36	0	0	38
Event Dispatch Begin	456	0	36	36	1	38	0
State Mutation Complete	456	0	36	36	0	0	38
Event Dispatch Begin	457	0	36	36	8	38	0
State Mutation Complete	457	0	36	36	0	0	38
Event Dispatch Begin	458	0	36	36	1	38	0
State Mutation Complete	458	0	36	36	0	0	38
Event Dispatch Begin	459	0	36	36	8	38	0
State Mutation Complete	459	0	36	36	0	0	38
Event Dispatch Begin	460	0	36	36	1	38	0
State Mutation Complete	460	0	36	36	0	0	38
Event Dispatch Begin	461	0	36	36	8	38	0
State Mutation Complete	461	0	36	36	0	0	38
Atlas Publication Begin	462	42	37	37	111	0	0
Atlas Publication Complete	462	42	37	37	0	0	0
Event Dispatch Begin	462	0	36	36	5	38	0
Frame Build Begin	462	42	37	37	1148190720	1141309440	0
Frame Build Complete	462	42	37	37	117	111	0
Glyph Atlas Summary	462	42	37	37	125	0	75264
Layout Cache Summary	462	42	37	37	4	1	5056
State Mutation Complete	462	0	37	37	1	1	39
Text Summary	462	42	37	37	3	0	1
Visible Layout Begin	462	42	37	37	0	0	0
Visible Layout Complete	462	42	37	37	5	0	0
Event Dispatch Begin	463	0	37	37	8	39	0
State Mutation Complete	463	0	37	37	0	0	39
Event Dispatch Begin	464	0	37	37	1	39	0
State Mutation Complete	464	0	37	37	0	0	39
Event Dispatch Begin	465	0	37	37	8	39	0
State Mutation Complete	465	0	37	37	0	0	39
Event Dispatch Begin	466	0	37	37	1	39	0
State Mutation Complete	466	0	37	37	0	0	39
Event Dispatch Begin	467	0	37	37	8	39	0
State Mutation Complete	467	0	37	37	0	0	39
Event Dispatch Begin	468	0	37	37	1	39	0
State Mutation Complete	468	0	37	37	0	0	39
Event Dispatch Begin	469	0	37	37	8	39	0
State Mutation Complete	469	0	37	37	0	0	39
Event Dispatch Begin	470	0	37	37	1	39	0
State Mutation Complete	470	0	37	37	0	0	39
Event Dispatch Begin	471	0	37	37	8	39	0
State Mutation Complete	471	0	37	37	0	0	39
Atlas Publication Begin	472	43	38	38	112	0	0
Atlas Publication Complete	472	43	38	38	2	5632	1
Event Dispatch Begin	472	0	37	37	5	39	0
Frame Build Begin	472	43	38	38	1148190720	1141309440	0
Frame Build Complete	472	43	38	38	118	112	0
Glyph Atlas Summary	472	43	38	38	125	1	75264
Layout Cache Summary	472	43	38	38	4	1	5120
State Mutation Complete	472	0	38	38	1	1	40
Text Summary	472	43	38	38	3	1	1
Visible Layout Begin	472	43	38	38	0	0	0
Visible Layout Complete	472	43	38	38	5	0	0
Event Dispatch Begin	473	0	38	38	8	40	0
State Mutation Complete	473	0	38	38	0	0	40
Event Dispatch Begin	474	0	38	38	1	40	0
State Mutation Complete	474	0	38	38	0	0	40
Event Dispatch Begin	475	0	38	38	8	40	0
State Mutation Complete	475	0	38	38	0	0	40
Event Dispatch Begin	476	0	38	38	1	40	0
State Mutation Complete	476	0	38	38	0	0	40
Event Dispatch Begin	477	0	38	38	8	40	0
State Mutation Complete	477	0	38	38	0	0	40
Event Dispatch Begin	478	0	38	38	1	40	0
State Mutation Complete	478	0	38	38	0	0	40
Event Dispatch Begin	479	0	38	38	8	40	0
State Mutation Complete	479	0	38	38	0	0	40
Event Dispatch Begin	480	0	38	38	1	40	0
State Mutation Complete	480	0	38	38	0	0	40
Event Dispatch Begin	481	0	38	38	8	40	0
State Mutation Complete	481	0	38	38	0	0	40
Atlas Publication Begin	482	44	39	39	113	0	0
Atlas Publication Complete	482	44	39	39	2	5888	1
Event Dispatch Begin	482	0	38	38	5	40	0
Frame Build Begin	482	44	39	39	1148190720	1141309440	0
Frame Build Complete	482	44	39	39	119	113	0
Glyph Atlas Summary	482	44	39	39	126	1	75264
Layout Cache Summary	482	44	39	39	4	1	5184
State Mutation Complete	482	0	39	39	1	1	41
Text Summary	482	44	39	39	3	1	1
Visible Layout Begin	482	44	39	39	0	0	0
Visible Layout Complete	482	44	39	39	5	0	0
Event Dispatch Begin	483	0	39	39	8	41	0
State Mutation Complete	483	0	39	39	0	0	41
Event Dispatch Begin	484	0	39	39	1	41	0
State Mutation Complete	484	0	39	39	0	0	41
Event Dispatch Begin	485	0	39	39	8	41	0
State Mutation Complete	485	0	39	39	0	0	41
Event Dispatch Begin	486	0	39	39	1	41	0
State Mutation Complete	486	0	39	39	0	0	41
Event Dispatch Begin	487	0	39	39	8	41	0
State Mutation Complete	487	0	39	39	0	0	41
Event Dispatch Begin	488	0	39	39	1	41	0
State Mutation Complete	488	0	39	39	0	0	41
Event Dispatch Begin	489	0	39	39	8	41	0
State Mutation Complete	489	0	39	39	0	0	41
Event Dispatch Begin	490	0	39	39	1	41	0
State Mutation Complete	490	0	39	39	0	0	41
Event Dispatch Begin	491	0	39	39	8	41	0
State Mutation Complete	491	0	39	39	0	0	41
Atlas Publication Begin	492	45	40	40	114	0	0
Atlas Publication Complete	492	45	40	40	0	0	0
Event Dispatch Begin	492	0	39	39	5	41	0
Frame Build Begin	492	45	40	40	1148190720	1141309440	0
Frame Build Complete	492	45	40	40	120	114	0
Glyph Atlas Summary	492	45	40	40	128	0	75264
Layout Cache Summary	492	45	40	40	4	1	5248
Native Event Handler Latency	492	0	0	0	34417	0	0
Native Frame Queue Latency	492	0	0	0	113917	0	0
Native GPU Terminal Observed Latency	492	0	0	0	8484334	0	0
Native Submission Latency	492	0	0	0	80500	0	0
Native Terminal Record Latency	492	0	0	0	8485084	0	0
State Mutation Complete	492	0	40	40	1	1	42
Text Summary	492	45	40	40	3	0	1
Visible Layout Begin	492	45	40	40	0	0	0
Visible Layout Complete	492	45	40	40	5	0	0
Event Dispatch Begin	493	0	40	40	8	42	0
State Mutation Complete	493	0	40	40	0	0	42
Event Dispatch Begin	494	0	40	40	1	42	0
State Mutation Complete	494	0	40	40	0	0	42
Event Dispatch Begin	495	0	40	40	8	42	0
State Mutation Complete	495	0	40	40	0	0	42
Event Dispatch Begin	496	0	40	40	1	42	0
State Mutation Complete	496	0	40	40	0	0	42
Event Dispatch Begin	497	0	40	40	8	42	0
State Mutation Complete	497	0	40	40	0	0	42
Event Dispatch Begin	498	0	40	40	1	42	0
State Mutation Complete	498	0	40	40	0	0	42
Event Dispatch Begin	499	0	40	40	8	42	0
State Mutation Complete	499	0	40	40	0	0	42
Event Dispatch Begin	500	0	40	40	1	42	0
State Mutation Complete	500	0	40	40	0	0	42
Event Dispatch Begin	501	0	40	40	8	42	0
State Mutation Complete	501	0	40	40	0	0	42
Atlas Publication Begin	502	46	41	41	115	0	0
Atlas Publication Complete	502	46	41	41	2	5632	1
Event Dispatch Begin	502	0	40	40	5	42	0
Frame Build Begin	502	46	41	41	1148190720	1141309440	0
Frame Build Complete	502	46	41	41	121	115	0
Glyph Atlas Summary	502	46	41	41	128	1	75264
Layout Cache Summary	502	46	41	41	4	1	5312
State Mutation Complete	502	0	41	41	1	1	43
Text Summary	502	46	41	41	3	1	1
Visible Layout Begin	502	46	41	41	0	0	0
Visible Layout Complete	502	46	41	41	5	0	0
Event Dispatch Begin	503	0	41	41	8	43	0
State Mutation Complete	503	0	41	41	0	0	43
Event Dispatch Begin	504	0	41	41	1	43	0
State Mutation Complete	504	0	41	41	0	0	43
Event Dispatch Begin	505	0	41	41	8	43	0
State Mutation Complete	505	0	41	41	0	0	43
Event Dispatch Begin	506	0	41	41	1	43	0
State Mutation Complete	506	0	41	41	0	0	43
Event Dispatch Begin	507	0	41	41	8	43	0
State Mutation Complete	507	0	41	41	0	0	43
Event Dispatch Begin	508	0	41	41	1	43	0
State Mutation Complete	508	0	41	41	0	0	43
Event Dispatch Begin	509	0	41	41	8	43	0
State Mutation Complete	509	0	41	41	0	0	43
Event Dispatch Begin	510	0	41	41	1	43	0
State Mutation Complete	510	0	41	41	0	0	43
Event Dispatch Begin	511	0	41	41	8	43	0
State Mutation Complete	511	0	41	41	0	0	43
Atlas Publication Begin	512	47	42	42	116	0	0
Atlas Publication Complete	512	47	42	42	0	0	0
Event Dispatch Begin	512	0	41	41	5	43	0
Frame Build Begin	512	47	42	42	1148190720	1141309440	0
Frame Build Complete	512	47	42	42	122	116	0
Glyph Atlas Summary	512	47	42	42	130	0	75264
Layout Cache Summary	512	47	42	42	4	1	5376
State Mutation Complete	512	0	42	42	1	1	44
Text Summary	512	47	42	42	3	0	1
Visible Layout Begin	512	47	42	42	0	0	0
Visible Layout Complete	512	47	42	42	5	0	0
Event Dispatch Begin	513	0	42	42	8	44	0
State Mutation Complete	513	0	42	42	0	0	44
Event Dispatch Begin	514	0	42	42	1	44	0
State Mutation Complete	514	0	42	42	0	0	44
Event Dispatch Begin	515	0	42	42	8	44	0
State Mutation Complete	515	0	42	42	0	0	44
Event Dispatch Begin	516	0	42	42	1	44	0
State Mutation Complete	516	0	42	42	0	0	44
Event Dispatch Begin	517	0	42	42	8	44	0
State Mutation Complete	517	0	42	42	0	0	44
Event Dispatch Begin	518	0	42	42	1	44	0
State Mutation Complete	518	0	42	42	0	0	44
Event Dispatch Begin	519	0	42	42	8	44	0
State Mutation Complete	519	0	42	42	0	0	44
Event Dispatch Begin	520	0	42	42	1	44	0
State Mutation Complete	520	0	42	42	0	0	44
Event Dispatch Begin	521	0	42	42	8	44	0
State Mutation Complete	521	0	42	42	0	0	44
Atlas Publication Begin	522	48	43	43	117	0	0
Atlas Publication Complete	522	48	43	43	2	6144	1
Event Dispatch Begin	522	0	42	42	5	44	0
Frame Build Begin	522	48	43	43	1148190720	1141309440	0
Frame Build Complete	522	48	43	43	123	117	0
Glyph Atlas Summary	522	48	43	43	130	1	75264
Layout Cache Summary	522	48	43	43	4	1	5440
State Mutation Complete	522	0	43	43	1	1	45
Text Summary	522	48	43	43	3	1	1
Visible Layout Begin	522	48	43	43	0	0	0
Visible Layout Complete	522	48	43	43	5	0	0
Event Dispatch Begin	523	0	43	43	8	45	0
State Mutation Complete	523	0	43	43	0	0	45
Event Dispatch Begin	524	0	43	43	1	45	0
State Mutation Complete	524	0	43	43	0	0	45
Event Dispatch Begin	525	0	43	43	8	45	0
State Mutation Complete	525	0	43	43	0	0	45
Event Dispatch Begin	526	0	43	43	1	45	0
State Mutation Complete	526	0	43	43	0	0	45
Event Dispatch Begin	527	0	43	43	8	45	0
State Mutation Complete	527	0	43	43	0	0	45
Event Dispatch Begin	528	0	43	43	1	45	0
State Mutation Complete	528	0	43	43	0	0	45
Event Dispatch Begin	529	0	43	43	8	45	0
State Mutation Complete	529	0	43	43	0	0	45
Event Dispatch Begin	530	0	43	43	1	45	0
State Mutation Complete	530	0	43	43	0	0	45
Event Dispatch Begin	531	0	43	43	8	45	0
State Mutation Complete	531	0	43	43	0	0	45
Atlas Publication Begin	532	49	44	44	118	0	0
Atlas Publication Complete	532	49	44	44	2	5632	1
Event Dispatch Begin	532	0	43	43	5	45	0
Frame Build Begin	532	49	44	44	1148190720	1141309440	0
Frame Build Complete	532	49	44	44	124	118	0
Glyph Atlas Summary	532	49	44	44	131	1	75264
Layout Cache Summary	532	49	44	44	4	1	5504
Native Event Handler Latency	532	0	0	0	65375	0	0
Native Frame Queue Latency	532	0	0	0	128584	0	0
Native GPU Terminal Observed Latency	532	0	0	0	8625584	0	0
Native Submission Latency	532	0	0	0	89666	0	0
Native Terminal Record Latency	532	0	0	0	8627709	0	0
State Mutation Complete	532	0	44	44	1	1	46
Text Summary	532	49	44	44	3	1	1
Visible Layout Begin	532	49	44	44	0	0	0
Visible Layout Complete	532	49	44	44	5	0	0
Event Dispatch Begin	533	0	44	44	8	46	0
State Mutation Complete	533	0	44	44	0	0	46
Event Dispatch Begin	534	0	44	44	1	46	0
State Mutation Complete	534	0	44	44	0	0	46
Event Dispatch Begin	535	0	44	44	8	46	0
State Mutation Complete	535	0	44	44	0	0	46
Event Dispatch Begin	536	0	44	44	1	46	0
State Mutation Complete	536	0	44	44	0	0	46
Event Dispatch Begin	537	0	44	44	8	46	0
State Mutation Complete	537	0	44	44	0	0	46
Event Dispatch Begin	538	0	44	44	1	46	0
State Mutation Complete	538	0	44	44	0	0	46
Event Dispatch Begin	539	0	44	44	8	46	0
State Mutation Complete	539	0	44	44	0	0	46
Event Dispatch Begin	540	0	44	44	1	46	0
State Mutation Complete	540	0	44	44	0	0	46
Event Dispatch Begin	541	0	44	44	8	46	0
State Mutation Complete	541	0	44	44	0	0	46
Atlas Publication Begin	542	50	45	45	119	0	0
Atlas Publication Complete	542	50	45	45	2	6144	1
Event Dispatch Begin	542	0	44	44	5	46	0
Frame Build Begin	542	50	45	45	1148190720	1141309440	0
Frame Build Complete	542	50	45	45	125	119	0
Glyph Atlas Summary	542	50	45	45	132	1	75264
Layout Cache Summary	542	50	45	45	4	1	5568
State Mutation Complete	542	0	45	45	1	1	47
Text Summary	542	50	45	45	3	1	1
Visible Layout Begin	542	50	45	45	0	0	0
Visible Layout Complete	542	50	45	45	5	0	0
Event Dispatch Begin	543	0	45	45	8	47	0
State Mutation Complete	543	0	45	45	0	0	47
Event Dispatch Begin	544	0	45	45	1	47	0
State Mutation Complete	544	0	45	45	0	0	47
Event Dispatch Begin	545	0	45	45	8	47	0
State Mutation Complete	545	0	45	45	0	0	47
Event Dispatch Begin	546	0	45	45	1	47	0
State Mutation Complete	546	0	45	45	0	0	47
Event Dispatch Begin	547	0	45	45	8	47	0
State Mutation Complete	547	0	45	45	0	0	47
Event Dispatch Begin	548	0	45	45	1	47	0
State Mutation Complete	548	0	45	45	0	0	47
Event Dispatch Begin	549	0	45	45	8	47	0
State Mutation Complete	549	0	45	45	0	0	47
Event Dispatch Begin	550	0	45	45	1	47	0
State Mutation Complete	550	0	45	45	0	0	47
Event Dispatch Begin	551	0	45	45	8	47	0
State Mutation Complete	551	0	45	45	0	0	47
Atlas Publication Begin	552	51	46	46	120	0	0
Atlas Publication Complete	552	51	46	46	0	0	0
Event Dispatch Begin	552	0	45	45	5	47	0
Frame Build Begin	552	51	46	46	1148190720	1141309440	0
Frame Build Complete	552	51	46	46	126	120	0
Glyph Atlas Summary	552	51	46	46	134	0	75264
Layout Cache Summary	552	51	46	46	4	1	5632
State Mutation Complete	552	0	46	46	1	1	48
Text Summary	552	51	46	46	3	0	1
Visible Layout Begin	552	51	46	46	0	0	0
Visible Layout Complete	552	51	46	46	5	0	0
Event Dispatch Begin	553	0	46	46	8	48	0
State Mutation Complete	553	0	46	46	0	0	48
Event Dispatch Begin	554	0	46	46	1	48	0
State Mutation Complete	554	0	46	46	0	0	48
Event Dispatch Begin	555	0	46	46	8	48	0
State Mutation Complete	555	0	46	46	0	0	48
Event Dispatch Begin	556	0	46	46	1	48	0
State Mutation Complete	556	0	46	46	0	0	48
Event Dispatch Begin	557	0	46	46	8	48	0
State Mutation Complete	557	0	46	46	0	0	48
Event Dispatch Begin	558	0	46	46	1	48	0
State Mutation Complete	558	0	46	46	0	0	48
Event Dispatch Begin	559	0	46	46	8	48	0
State Mutation Complete	559	0	46	46	0	0	48
Event Dispatch Begin	560	0	46	46	1	48	0
State Mutation Complete	560	0	46	46	0	0	48
Event Dispatch Begin	561	0	46	46	8	48	0
State Mutation Complete	561	0	46	46	0	0	48
Atlas Publication Begin	562	52	47	47	120	0	0
Atlas Publication Complete	562	52	47	47	0	0	0
Event Dispatch Begin	562	0	46	46	5	48	0
Frame Build Begin	562	52	47	47	1148190720	1141309440	0
Frame Build Complete	562	52	47	47	126	120	0
Glyph Atlas Summary	562	52	47	47	135	0	75264
Layout Cache Summary	562	52	47	47	4	1	5696
State Mutation Complete	562	0	47	47	1	1	49
Text Summary	562	52	47	47	3	0	1
Visible Layout Begin	562	52	47	47	0	0	0
Visible Layout Complete	562	52	47	47	5	0	0
Event Dispatch Begin	563	0	47	47	8	49	0
State Mutation Complete	563	0	47	47	0	0	49
Event Dispatch Begin	564	0	47	47	1	49	0
State Mutation Complete	564	0	47	47	0	0	49
Event Dispatch Begin	565	0	47	47	8	49	0
State Mutation Complete	565	0	47	47	0	0	49
Event Dispatch Begin	566	0	47	47	1	49	0
State Mutation Complete	566	0	47	47	0	0	49
Event Dispatch Begin	567	0	47	47	8	49	0
State Mutation Complete	567	0	47	47	0	0	49
Event Dispatch Begin	568	0	47	47	1	49	0
State Mutation Complete	568	0	47	47	0	0	49
Event Dispatch Begin	569	0	47	47	8	49	0
State Mutation Complete	569	0	47	47	0	0	49
Event Dispatch Begin	570	0	47	47	1	49	0
State Mutation Complete	570	0	47	47	0	0	49
Event Dispatch Begin	571	0	47	47	8	49	0
State Mutation Complete	571	0	47	47	0	0	49
Atlas Publication Begin	572	53	48	48	121	0	0
Atlas Publication Complete	572	53	48	48	0	0	0
Event Dispatch Begin	572	0	47	47	5	49	0
Frame Build Begin	572	53	48	48	1148190720	1141309440	0
Frame Build Complete	572	53	48	48	127	121	0
Glyph Atlas Summary	572	53	48	48	136	0	75264
Layout Cache Summary	572	53	48	48	4	1	5760
Native Event Handler Latency	572	0	0	0	56041	0	0
Native Frame Queue Latency	572	0	0	0	91708	0	0
Native GPU Terminal Observed Latency	572	0	0	0	8426041	0	0
Native Submission Latency	572	0	0	0	98667	0	0
Native Terminal Record Latency	572	0	0	0	8427000	0	0
State Mutation Complete	572	0	48	48	1	1	50
Text Summary	572	53	48	48	3	0	1
Visible Layout Begin	572	53	48	48	0	0	0
Visible Layout Complete	572	53	48	48	5	0	0
Event Dispatch Begin	573	0	48	48	8	50	0
State Mutation Complete	573	0	48	48	0	0	50
Event Dispatch Begin	574	0	48	48	1	50	0
State Mutation Complete	574	0	48	48	0	0	50
Event Dispatch Begin	575	0	48	48	8	50	0
State Mutation Complete	575	0	48	48	0	0	50
Event Dispatch Begin	576	0	48	48	1	50	0
State Mutation Complete	576	0	48	48	0	0	50
Event Dispatch Begin	577	0	48	48	8	50	0
State Mutation Complete	577	0	48	48	0	0	50
Event Dispatch Begin	578	0	48	48	1	50	0
State Mutation Complete	578	0	48	48	0	0	50
Event Dispatch Begin	579	0	48	48	8	50	0
State Mutation Complete	579	0	48	48	0	0	50
Event Dispatch Begin	580	0	48	48	1	50	0
State Mutation Complete	580	0	48	48	0	0	50
Event Dispatch Begin	581	0	48	48	8	50	0
State Mutation Complete	581	0	48	48	0	0	50
Atlas Publication Begin	582	54	49	49	122	0	0
Atlas Publication Complete	582	54	49	49	0	0	0
Event Dispatch Begin	582	0	48	48	5	50	0
Frame Build Begin	582	54	49	49	1148190720	1141309440	0
Frame Build Complete	582	54	49	49	128	122	0
Glyph Atlas Summary	582	54	49	49	137	0	75264
Layout Cache Summary	582	54	49	49	4	1	5824
State Mutation Complete	582	0	49	49	1	1	51
Text Summary	582	54	49	49	3	0	1
Visible Layout Begin	582	54	49	49	0	0	0
Visible Layout Complete	582	54	49	49	5	0	0
Event Dispatch Begin	583	0	49	49	8	51	0
State Mutation Complete	583	0	49	49	0	0	51
Event Dispatch Begin	584	0	49	49	1	51	0
State Mutation Complete	584	0	49	49	0	0	51
Event Dispatch Begin	585	0	49	49	8	51	0
State Mutation Complete	585	0	49	49	0	0	51
Event Dispatch Begin	586	0	49	49	1	51	0
State Mutation Complete	586	0	49	49	0	0	51
Event Dispatch Begin	587	0	49	49	8	51	0
State Mutation Complete	587	0	49	49	0	0	51
Event Dispatch Begin	588	0	49	49	1	51	0
State Mutation Complete	588	0	49	49	0	0	51
Event Dispatch Begin	589	0	49	49	8	51	0
State Mutation Complete	589	0	49	49	0	0	51
Event Dispatch Begin	590	0	49	49	1	51	0
State Mutation Complete	590	0	49	49	0	0	51
Event Dispatch Begin	591	0	49	49	8	51	0
State Mutation Complete	591	0	49	49	0	0	51
Atlas Publication Begin	592	55	50	50	123	0	0
Atlas Publication Complete	592	55	50	50	0	0	0
Event Dispatch Begin	592	0	49	49	5	51	0
Frame Build Begin	592	55	50	50	1148190720	1141309440	0
Frame Build Complete	592	55	50	50	129	123	0
Glyph Atlas Summary	592	55	50	50	138	0	75264
Layout Cache Summary	592	55	50	50	4	1	5888
State Mutation Complete	592	0	50	50	1	1	52
Text Summary	592	55	50	50	3	0	1
Visible Layout Begin	592	55	50	50	0	0	0
Visible Layout Complete	592	55	50	50	5	0	0
Event Dispatch Begin	593	0	50	50	8	52	0
State Mutation Complete	593	0	50	50	0	0	52
Event Dispatch Begin	594	0	50	50	1	52	0
State Mutation Complete	594	0	50	50	0	0	52
Event Dispatch Begin	595	0	50	50	8	52	0
State Mutation Complete	595	0	50	50	0	0	52
Event Dispatch Begin	596	0	50	50	1	52	0
State Mutation Complete	596	0	50	50	0	0	52
Event Dispatch Begin	597	0	50	50	8	52	0
State Mutation Complete	597	0	50	50	0	0	52
Event Dispatch Begin	598	0	50	50	1	52	0
State Mutation Complete	598	0	50	50	0	0	52
Event Dispatch Begin	599	0	50	50	8	52	0
State Mutation Complete	599	0	50	50	0	0	52
Event Dispatch Begin	600	0	50	50	1	52	0
State Mutation Complete	600	0	50	50	0	0	52
Event Dispatch Begin	601	0	50	50	8	52	0
State Mutation Complete	601	0	50	50	0	0	52
Atlas Publication Begin	602	56	51	51	124	0	0
Atlas Publication Complete	602	56	51	51	0	0	0
Event Dispatch Begin	602	0	50	50	5	52	0
Frame Build Begin	602	56	51	51	1148190720	1141309440	0
Frame Build Complete	602	56	51	51	130	124	0
Glyph Atlas Summary	602	56	51	51	139	0	75264
Layout Cache Summary	602	56	51	51	4	1	5952
State Mutation Complete	602	0	51	51	1	1	53
Text Summary	602	56	51	51	3	0	1
Visible Layout Begin	602	56	51	51	0	0	0
Visible Layout Complete	602	56	51	51	5	0	0
Event Dispatch Begin	603	0	51	51	8	53	0
State Mutation Complete	603	0	51	51	0	0	53
Event Dispatch Begin	604	0	51	51	1	53	0
State Mutation Complete	604	0	51	51	0	0	53
Event Dispatch Begin	605	0	51	51	8	53	0
State Mutation Complete	605	0	51	51	0	0	53
Event Dispatch Begin	606	0	51	51	1	53	0
State Mutation Complete	606	0	51	51	0	0	53
Event Dispatch Begin	607	0	51	51	8	53	0
State Mutation Complete	607	0	51	51	0	0	53
Event Dispatch Begin	608	0	51	51	1	53	0
State Mutation Complete	608	0	51	51	0	0	53
Event Dispatch Begin	609	0	51	51	8	53	0
State Mutation Complete	609	0	51	51	0	0	53
Event Dispatch Begin	610	0	51	51	1	53	0
State Mutation Complete	610	0	51	51	0	0	53
Event Dispatch Begin	611	0	51	51	8	53	0
State Mutation Complete	611	0	51	51	0	0	53
Atlas Publication Begin	612	57	52	52	125	0	0
Atlas Publication Complete	612	57	52	52	0	0	0
Event Dispatch Begin	612	0	51	51	5	53	0
Frame Build Begin	612	57	52	52	1148190720	1141309440	0
Frame Build Complete	612	57	52	52	131	125	0
Glyph Atlas Summary	612	57	52	52	140	0	75264
Layout Cache Summary	612	57	52	52	4	1	6016
Native Event Handler Latency	612	0	0	0	32833	0	0
Native Frame Queue Latency	612	0	0	0	124625	0	0
Native GPU Terminal Observed Latency	612	0	0	0	8573666	0	0
Native Submission Latency	612	0	0	0	66625	0	0
Native Terminal Record Latency	612	0	0	0	8574625	0	0
State Mutation Complete	612	0	52	52	1	1	54
Text Summary	612	57	52	52	3	0	1
Visible Layout Begin	612	57	52	52	0	0	0
Visible Layout Complete	612	57	52	52	5	0	0
Event Dispatch Begin	613	0	52	52	8	54	0
State Mutation Complete	613	0	52	52	0	0	54
Event Dispatch Begin	614	0	52	52	1	54	0
State Mutation Complete	614	0	52	52	0	0	54
Event Dispatch Begin	615	0	52	52	8	54	0
State Mutation Complete	615	0	52	52	0	0	54
Event Dispatch Begin	616	0	52	52	1	54	0
State Mutation Complete	616	0	52	52	0	0	54
Event Dispatch Begin	617	0	52	52	8	54	0
State Mutation Complete	617	0	52	52	0	0	54
Event Dispatch Begin	618	0	52	52	1	54	0
State Mutation Complete	618	0	52	52	0	0	54
Event Dispatch Begin	619	0	52	52	8	54	0
State Mutation Complete	619	0	52	52	0	0	54
Event Dispatch Begin	620	0	52	52	1	54	0
State Mutation Complete	620	0	52	52	0	0	54
Event Dispatch Begin	621	0	52	52	8	54	0
State Mutation Complete	621	0	52	52	0	0	54
Atlas Publication Begin	622	58	53	53	126	0	0
Atlas Publication Complete	622	58	53	53	0	0	0
Event Dispatch Begin	622	0	52	52	5	54	0
Frame Build Begin	622	58	53	53	1148190720	1141309440	0
Frame Build Complete	622	58	53	53	132	126	0
Glyph Atlas Summary	622	58	53	53	141	0	75264
Layout Cache Summary	622	58	53	53	4	1	6080
State Mutation Complete	622	0	53	53	1	1	55
Text Summary	622	58	53	53	3	0	1
Visible Layout Begin	622	58	53	53	0	0	0
Visible Layout Complete	622	58	53	53	5	0	0
Event Dispatch Begin	623	0	53	53	8	55	0
State Mutation Complete	623	0	53	53	0	0	55
Event Dispatch Begin	624	0	53	53	1	55	0
State Mutation Complete	624	0	53	53	0	0	55
Event Dispatch Begin	625	0	53	53	8	55	0
State Mutation Complete	625	0	53	53	0	0	55
Event Dispatch Begin	626	0	53	53	1	55	0
State Mutation Complete	626	0	53	53	0	0	55
Event Dispatch Begin	627	0	53	53	8	55	0
State Mutation Complete	627	0	53	53	0	0	55
Event Dispatch Begin	628	0	53	53	1	55	0
State Mutation Complete	628	0	53	53	0	0	55
Event Dispatch Begin	629	0	53	53	8	55	0
State Mutation Complete	629	0	53	53	0	0	55
Event Dispatch Begin	630	0	53	53	1	55	0
State Mutation Complete	630	0	53	53	0	0	55
Event Dispatch Begin	631	0	53	53	8	55	0
State Mutation Complete	631	0	53	53	0	0	55
Atlas Publication Begin	632	59	54	54	127	0	0
Atlas Publication Complete	632	59	54	54	0	0	0
Event Dispatch Begin	632	0	53	53	5	55	0
Frame Build Begin	632	59	54	54	1148190720	1141309440	0
Frame Build Complete	632	59	54	54	133	127	0
Glyph Atlas Summary	632	59	54	54	142	0	75264
Layout Cache Summary	632	59	54	54	4	1	6144
State Mutation Complete	632	0	54	54	1	1	56
Text Summary	632	59	54	54	3	0	1
Visible Layout Begin	632	59	54	54	0	0	0
Visible Layout Complete	632	59	54	54	5	0	0
Event Dispatch Begin	633	0	54	54	8	56	0
State Mutation Complete	633	0	54	54	0	0	56
Event Dispatch Begin	634	0	54	54	1	56	0
State Mutation Complete	634	0	54	54	0	0	56
Event Dispatch Begin	635	0	54	54	8	56	0
State Mutation Complete	635	0	54	54	0	0	56
Event Dispatch Begin	636	0	54	54	1	56	0
State Mutation Complete	636	0	54	54	0	0	56
Event Dispatch Begin	637	0	54	54	8	56	0
State Mutation Complete	637	0	54	54	0	0	56
Event Dispatch Begin	638	0	54	54	1	56	0
State Mutation Complete	638	0	54	54	0	0	56
Event Dispatch Begin	639	0	54	54	8	56	0
State Mutation Complete	639	0	54	54	0	0	56
Event Dispatch Begin	640	0	54	54	1	56	0
State Mutation Complete	640	0	54	54	0	0	56
Event Dispatch Begin	641	0	54	54	8	56	0
State Mutation Complete	641	0	54	54	0	0	56
Atlas Publication Begin	642	60	55	55	128	0	0
Atlas Publication Complete	642	60	55	55	0	0	0
Event Dispatch Begin	642	0	54	54	5	56	0
Frame Build Begin	642	60	55	55	1148190720	1141309440	0
Frame Build Complete	642	60	55	55	134	128	0
Glyph Atlas Summary	642	60	55	55	143	0	75264
Layout Cache Summary	642	60	55	55	4	1	6208
Native Event Handler Latency	642	0	0	0	48750	0	0
Native Frame Queue Latency	642	0	0	0	155000	0	0
Native GPU Terminal Observed Latency	642	0	0	0	8609000	0	0
Native Submission Latency	642	0	0	0	65041	0	0
Native Terminal Record Latency	642	0	0	0	8609833	0	0
State Mutation Complete	642	0	55	55	1	1	57
Text Summary	642	60	55	55	3	0	1
Visible Layout Begin	642	60	55	55	0	0	0
Visible Layout Complete	642	60	55	55	5	0	0
Event Dispatch Begin	643	0	55	55	8	57	0
State Mutation Complete	643	0	55	55	0	0	57
Event Dispatch Begin	644	0	55	55	1	57	0
State Mutation Complete	644	0	55	55	0	0	57
Event Dispatch Begin	645	0	55	55	8	57	0
State Mutation Complete	645	0	55	55	0	0	57
Event Dispatch Begin	646	0	55	55	1	57	0
State Mutation Complete	646	0	55	55	0	0	57
Event Dispatch Begin	647	0	55	55	8	57	0
State Mutation Complete	647	0	55	55	0	0	57
Event Dispatch Begin	648	0	55	55	1	57	0
State Mutation Complete	648	0	55	55	0	0	57
Event Dispatch Begin	649	0	55	55	8	57	0
State Mutation Complete	649	0	55	55	0	0	57
Event Dispatch Begin	650	0	55	55	1	57	0
State Mutation Complete	650	0	55	55	0	0	57
Event Dispatch Begin	651	0	55	55	8	57	0
State Mutation Complete	651	0	55	55	0	0	57
Atlas Publication Begin	652	61	56	56	129	0	0
Atlas Publication Complete	652	61	56	56	0	0	0
Event Dispatch Begin	652	0	55	55	5	57	0
Frame Build Begin	652	61	56	56	1148190720	1141309440	0
Frame Build Complete	652	61	56	56	135	129	0
Glyph Atlas Summary	652	61	56	56	144	0	75264
Layout Cache Summary	652	61	56	56	4	1	6272
State Mutation Complete	652	0	56	56	1	1	58
Text Summary	652	61	56	56	3	0	1
Visible Layout Begin	652	61	56	56	0	0	0
Visible Layout Complete	652	61	56	56	5	0	0
Event Dispatch Begin	653	0	56	56	8	58	0
State Mutation Complete	653	0	56	56	0	0	58
Event Dispatch Begin	654	0	56	56	1	58	0
State Mutation Complete	654	0	56	56	0	0	58
Event Dispatch Begin	655	0	56	56	8	58	0
State Mutation Complete	655	0	56	56	0	0	58
Event Dispatch Begin	656	0	56	56	1	58	0
State Mutation Complete	656	0	56	56	0	0	58
Event Dispatch Begin	657	0	56	56	8	58	0
State Mutation Complete	657	0	56	56	0	0	58
Event Dispatch Begin	658	0	56	56	1	58	0
State Mutation Complete	658	0	56	56	0	0	58
Event Dispatch Begin	659	0	56	56	8	58	0
State Mutation Complete	659	0	56	56	0	0	58
Event Dispatch Begin	660	0	56	56	1	58	0
State Mutation Complete	660	0	56	56	0	0	58
Event Dispatch Begin	661	0	56	56	8	58	0
State Mutation Complete	661	0	56	56	0	0	58
Atlas Publication Begin	662	62	57	57	130	0	0
Atlas Publication Complete	662	62	57	57	2	7680	1
Event Dispatch Begin	662	0	56	56	5	58	0
Frame Build Begin	662	62	57	57	1148190720	1141309440	0
Frame Build Complete	662	62	57	57	136	130	0
Glyph Atlas Summary	662	62	57	57	144	1	75264
Layout Cache Summary	662	62	57	57	4	1	6336
State Mutation Complete	662	0	57	57	1	1	59
Text Summary	662	62	57	57	3	1	1
Visible Layout Begin	662	62	57	57	0	0	0
Visible Layout Complete	662	62	57	57	5	0	0
Event Dispatch Begin	663	0	57	57	8	59	0
State Mutation Complete	663	0	57	57	0	0	59
Event Dispatch Begin	664	0	57	57	1	59	0
State Mutation Complete	664	0	57	57	0	0	59
Event Dispatch Begin	665	0	57	57	8	59	0
State Mutation Complete	665	0	57	57	0	0	59
Event Dispatch Begin	666	0	57	57	1	59	0
State Mutation Complete	666	0	57	57	0	0	59
Event Dispatch Begin	667	0	57	57	8	59	0
State Mutation Complete	667	0	57	57	0	0	59
Event Dispatch Begin	668	0	57	57	1	59	0
State Mutation Complete	668	0	57	57	0	0	59
Event Dispatch Begin	669	0	57	57	8	59	0
State Mutation Complete	669	0	57	57	0	0	59
Event Dispatch Begin	670	0	57	57	1	59	0
State Mutation Complete	670	0	57	57	0	0	59
Event Dispatch Begin	671	0	57	57	8	59	0
State Mutation Complete	671	0	57	57	0	0	59
Atlas Publication Begin	672	63	58	58	131	0	0
Atlas Publication Complete	672	63	58	58	0	0	0
Event Dispatch Begin	672	0	57	57	5	59	0
Frame Build Begin	672	63	58	58	1148190720	1141309440	0
Frame Build Complete	672	63	58	58	137	131	0
Glyph Atlas Summary	672	63	58	58	146	0	75264
Layout Cache Summary	672	63	58	58	4	1	6400
State Mutation Complete	672	0	58	58	1	1	60
Text Summary	672	63	58	58	3	0	1
Visible Layout Begin	672	63	58	58	0	0	0
Visible Layout Complete	672	63	58	58	5	0	0
Event Dispatch Begin	673	0	58	58	8	60	0
State Mutation Complete	673	0	58	58	0	0	60
Event Dispatch Begin	674	0	58	58	1	60	0
State Mutation Complete	674	0	58	58	0	0	60
Event Dispatch Begin	675	0	58	58	8	60	0
State Mutation Complete	675	0	58	58	0	0	60
Event Dispatch Begin	676	0	58	58	1	60	0
State Mutation Complete	676	0	58	58	0	0	60
Event Dispatch Begin	677	0	58	58	8	60	0
State Mutation Complete	677	0	58	58	0	0	60
Event Dispatch Begin	678	0	58	58	1	60	0
State Mutation Complete	678	0	58	58	0	0	60
Event Dispatch Begin	679	0	58	58	8	60	0
State Mutation Complete	679	0	58	58	0	0	60
Event Dispatch Begin	680	0	58	58	1	60	0
State Mutation Complete	680	0	58	58	0	0	60
Event Dispatch Begin	681	0	58	58	8	60	0
State Mutation Complete	681	0	58	58	0	0	60
Atlas Publication Begin	682	64	59	59	132	0	0
Atlas Publication Complete	682	64	59	59	0	0	0
Event Dispatch Begin	682	0	58	58	5	60	0
Frame Build Begin	682	64	59	59	1148190720	1141309440	0
Frame Build Complete	682	64	59	59	138	132	0
Glyph Atlas Summary	682	64	59	59	147	0	75264
Layout Cache Summary	682	64	59	59	4	1	6464
Native Event Handler Latency	682	0	0	0	39041	0	0
Native Frame Queue Latency	682	0	0	0	121958	0	0
Native GPU Terminal Observed Latency	682	0	0	0	8628583	0	0
Native Submission Latency	682	0	0	0	122250	0	0
Native Terminal Record Latency	682	0	0	0	8629375	0	0
State Mutation Complete	682	0	59	59	1	1	61
Text Summary	682	64	59	59	3	0	1
Visible Layout Begin	682	64	59	59	0	0	0
Visible Layout Complete	682	64	59	59	5	0	0
Event Dispatch Begin	683	0	59	59	8	61	0
State Mutation Complete	683	0	59	59	0	0	61
Event Dispatch Begin	684	0	59	59	1	61	0
State Mutation Complete	684	0	59	59	0	0	61
Event Dispatch Begin	685	0	59	59	8	61	0
State Mutation Complete	685	0	59	59	0	0	61
Event Dispatch Begin	686	0	59	59	1	61	0
State Mutation Complete	686	0	59	59	0	0	61
Event Dispatch Begin	687	0	59	59	8	61	0
State Mutation Complete	687	0	59	59	0	0	61
Event Dispatch Begin	688	0	59	59	1	61	0
State Mutation Complete	688	0	59	59	0	0	61
Event Dispatch Begin	689	0	59	59	8	61	0
State Mutation Complete	689	0	59	59	0	0	61
Event Dispatch Begin	690	0	59	59	1	61	0
State Mutation Complete	690	0	59	59	0	0	61
Event Dispatch Begin	691	0	59	59	8	61	0
State Mutation Complete	691	0	59	59	0	0	61
Atlas Publication Begin	692	65	60	60	133	0	0
Atlas Publication Complete	692	65	60	60	0	0	0
Event Dispatch Begin	692	0	59	59	5	61	0
Frame Build Begin	692	65	60	60	1148190720	1141309440	0
Frame Build Complete	692	65	60	60	139	133	0
Glyph Atlas Summary	692	65	60	60	148	0	75264
Layout Cache Summary	692	65	60	60	4	1	6528
State Mutation Complete	692	0	60	60	1	1	62
Text Summary	692	65	60	60	3	0	1
Visible Layout Begin	692	65	60	60	0	0	0
Visible Layout Complete	692	65	60	60	5	0	0
Event Dispatch Begin	693	0	60	60	8	62	0
State Mutation Complete	693	0	60	60	0	0	62
Event Dispatch Begin	694	0	60	60	1	62	0
State Mutation Complete	694	0	60	60	0	0	62
Event Dispatch Begin	695	0	60	60	8	62	0
State Mutation Complete	695	0	60	60	0	0	62
Event Dispatch Begin	696	0	60	60	1	62	0
State Mutation Complete	696	0	60	60	0	0	62
Event Dispatch Begin	697	0	60	60	8	62	0
State Mutation Complete	697	0	60	60	0	0	62
Event Dispatch Begin	698	0	60	60	1	62	0
State Mutation Complete	698	0	60	60	0	0	62
Event Dispatch Begin	699	0	60	60	8	62	0
State Mutation Complete	699	0	60	60	0	0	62
Event Dispatch Begin	700	0	60	60	1	62	0
State Mutation Complete	700	0	60	60	0	0	62
Event Dispatch Begin	701	0	60	60	8	62	0
State Mutation Complete	701	0	60	60	0	0	62
Atlas Publication Begin	702	66	61	61	134	0	0
Atlas Publication Complete	702	66	61	61	0	0	0
Event Dispatch Begin	702	0	60	60	5	62	0
Frame Build Begin	702	66	61	61	1148190720	1141309440	0
Frame Build Complete	702	66	61	61	140	134	0
Glyph Atlas Summary	702	66	61	61	149	0	75264
Layout Cache Summary	702	66	61	61	4	1	6592
State Mutation Complete	702	0	61	61	1	1	63
Text Summary	702	66	61	61	3	0	1
Visible Layout Begin	702	66	61	61	0	0	0
Visible Layout Complete	702	66	61	61	5	0	0
Event Dispatch Begin	703	0	61	61	8	63	0
State Mutation Complete	703	0	61	61	0	0	63
Event Dispatch Begin	704	0	61	61	1	63	0
State Mutation Complete	704	0	61	61	0	0	63
Event Dispatch Begin	705	0	61	61	8	63	0
State Mutation Complete	705	0	61	61	0	0	63
Event Dispatch Begin	706	0	61	61	1	63	0
State Mutation Complete	706	0	61	61	0	0	63
Event Dispatch Begin	707	0	61	61	8	63	0
State Mutation Complete	707	0	61	61	0	0	63
Event Dispatch Begin	708	0	61	61	1	63	0
State Mutation Complete	708	0	61	61	0	0	63
Event Dispatch Begin	709	0	61	61	8	63	0
State Mutation Complete	709	0	61	61	0	0	63
Event Dispatch Begin	710	0	61	61	1	63	0
State Mutation Complete	710	0	61	61	0	0	63
Event Dispatch Begin	711	0	61	61	8	63	0
State Mutation Complete	711	0	61	61	0	0	63
Atlas Publication Begin	712	67	62	62	135	0	0
Atlas Publication Complete	712	67	62	62	0	0	0
Event Dispatch Begin	712	0	61	61	5	63	0
Frame Build Begin	712	67	62	62	1148190720	1141309440	0
Frame Build Complete	712	67	62	62	141	135	0
Glyph Atlas Summary	712	67	62	62	150	0	75264
Layout Cache Summary	712	67	62	62	4	1	6656
State Mutation Complete	712	0	62	62	1	1	64
Text Summary	712	67	62	62	3	0	1
Visible Layout Begin	712	67	62	62	0	0	0
Visible Layout Complete	712	67	62	62	5	0	0
Event Dispatch Begin	713	0	62	62	8	64	0
State Mutation Complete	713	0	62	62	0	0	64
Event Dispatch Begin	714	0	62	62	1	64	0
State Mutation Complete	714	0	62	62	0	0	64
Event Dispatch Begin	715	0	62	62	8	64	0
State Mutation Complete	715	0	62	62	0	0	64
Event Dispatch Begin	716	0	62	62	1	64	0
State Mutation Complete	716	0	62	62	0	0	64
Event Dispatch Begin	717	0	62	62	8	64	0
State Mutation Complete	717	0	62	62	0	0	64
Event Dispatch Begin	718	0	62	62	1	64	0
State Mutation Complete	718	0	62	62	0	0	64
Event Dispatch Begin	719	0	62	62	8	64	0
State Mutation Complete	719	0	62	62	0	0	64
Event Dispatch Begin	720	0	62	62	1	64	0
State Mutation Complete	720	0	62	62	0	0	64
Event Dispatch Begin	721	0	62	62	8	64	0
State Mutation Complete	721	0	62	62	0	0	64
Atlas Publication Begin	722	68	63	63	136	0	0
Atlas Publication Complete	722	68	63	63	0	0	0
Event Dispatch Begin	722	0	62	62	5	64	0
Frame Build Begin	722	68	63	63	1148190720	1141309440	0
Frame Build Complete	722	68	63	63	142	136	0
Glyph Atlas Summary	722	68	63	63	151	0	75264
Layout Cache Summary	722	68	63	63	4	1	6720
Native Event Handler Latency	722	0	0	0	45334	0	0
Native Frame Queue Latency	722	0	0	0	120959	0	0
Native GPU Terminal Observed Latency	722	0	0	0	8530417	0	0
Native Submission Latency	722	0	0	0	110000	0	0
Native Terminal Record Latency	722	0	0	0	8531167	0	0
State Mutation Complete	722	0	63	63	1	1	65
Text Summary	722	68	63	63	3	0	1
Visible Layout Begin	722	68	63	63	0	0	0
Visible Layout Complete	722	68	63	63	5	0	0
Event Dispatch Begin	723	0	63	63	8	65	0
State Mutation Complete	723	0	63	63	0	0	65
Event Dispatch Begin	724	0	63	63	1	65	0
State Mutation Complete	724	0	63	63	0	0	65
Event Dispatch Begin	725	0	63	63	8	65	0
State Mutation Complete	725	0	63	63	0	0	65
Event Dispatch Begin	726	0	63	63	1	65	0
State Mutation Complete	726	0	63	63	0	0	65
Event Dispatch Begin	727	0	63	63	8	65	0
State Mutation Complete	727	0	63	63	0	0	65
Event Dispatch Begin	728	0	63	63	1	65	0
State Mutation Complete	728	0	63	63	0	0	65
Event Dispatch Begin	729	0	63	63	8	65	0
State Mutation Complete	729	0	63	63	0	0	65
Event Dispatch Begin	730	0	63	63	1	65	0
State Mutation Complete	730	0	63	63	0	0	65
Event Dispatch Begin	731	0	63	63	8	65	0
State Mutation Complete	731	0	63	63	0	0	65
Atlas Publication Begin	732	69	64	64	137	0	0
Atlas Publication Complete	732	69	64	64	2	6144	1
Event Dispatch Begin	732	0	63	63	5	65	0
Frame Build Begin	732	69	64	64	1148190720	1141309440	0
Frame Build Complete	732	69	64	64	143	137	0
Glyph Atlas Summary	732	69	64	64	151	1	75264
Layout Cache Summary	732	69	64	64	4	1	6784
State Mutation Complete	732	0	64	64	1	1	66
Text Summary	732	69	64	64	3	1	1
Visible Layout Begin	732	69	64	64	0	0	0
Visible Layout Complete	732	69	64	64	5	0	0
Event Dispatch Begin	733	0	64	64	8	66	0
State Mutation Complete	733	0	64	64	0	0	66
Event Dispatch Begin	734	0	64	64	1	66	0
State Mutation Complete	734	0	64	64	0	0	66
Event Dispatch Begin	735	0	64	64	8	66	0
State Mutation Complete	735	0	64	64	0	0	66
Event Dispatch Begin	736	0	64	64	1	66	0
State Mutation Complete	736	0	64	64	0	0	66
Event Dispatch Begin	737	0	64	64	8	66	0
State Mutation Complete	737	0	64	64	0	0	66
Event Dispatch Begin	738	0	64	64	1	66	0
State Mutation Complete	738	0	64	64	0	0	66
Event Dispatch Begin	739	0	64	64	8	66	0
State Mutation Complete	739	0	64	64	0	0	66
Event Dispatch Begin	740	0	64	64	1	66	0
State Mutation Complete	740	0	64	64	0	0	66
Event Dispatch Begin	741	0	64	64	8	66	0
State Mutation Complete	741	0	64	64	0	0	66
Atlas Publication Begin	742	70	65	65	138	0	0
Atlas Publication Complete	742	70	65	65	0	0	0
Event Dispatch Begin	742	0	64	64	5	66	0
Frame Build Begin	742	70	65	65	1148190720	1141309440	0
Frame Build Complete	742	70	65	65	144	138	0
Glyph Atlas Summary	742	70	65	65	153	0	75264
Layout Cache Summary	742	70	65	65	4	1	6848
State Mutation Complete	742	0	65	65	1	1	67
Text Summary	742	70	65	65	3	0	1
Visible Layout Begin	742	70	65	65	0	0	0
Visible Layout Complete	742	70	65	65	5	0	0
Event Dispatch Begin	743	0	65	65	8	67	0
State Mutation Complete	743	0	65	65	0	0	67
Event Dispatch Begin	744	0	65	65	1	67	0
State Mutation Complete	744	0	65	65	0	0	67
Event Dispatch Begin	745	0	65	65	8	67	0
State Mutation Complete	745	0	65	65	0	0	67
Event Dispatch Begin	746	0	65	65	1	67	0
State Mutation Complete	746	0	65	65	0	0	67
Event Dispatch Begin	747	0	65	65	8	67	0
State Mutation Complete	747	0	65	65	0	0	67
Event Dispatch Begin	748	0	65	65	1	67	0
State Mutation Complete	748	0	65	65	0	0	67
Event Dispatch Begin	749	0	65	65	8	67	0
State Mutation Complete	749	0	65	65	0	0	67
Event Dispatch Begin	750	0	65	65	1	67	0
State Mutation Complete	750	0	65	65	0	0	67
Event Dispatch Begin	751	0	65	65	8	67	0
State Mutation Complete	751	0	65	65	0	0	67
Atlas Publication Begin	752	71	66	66	139	0	0
Atlas Publication Complete	752	71	66	66	0	0	0
Event Dispatch Begin	752	0	65	65	5	67	0
Frame Build Begin	752	71	66	66	1148190720	1141309440	0
Frame Build Complete	752	71	66	66	145	139	0
Glyph Atlas Summary	752	71	66	66	154	0	75264
Layout Cache Summary	752	71	66	66	4	1	6912
Native Event Handler Latency	752	0	0	0	45042	0	0
Native Frame Queue Latency	752	0	0	0	89584	0	0
Native GPU Terminal Observed Latency	752	0	0	0	8353917	0	0
Native Submission Latency	752	0	0	0	82000	0	0
Native Terminal Record Latency	752	0	0	0	8355083	0	0
State Mutation Complete	752	0	66	66	1	1	68
Text Summary	752	71	66	66	3	0	1
Visible Layout Begin	752	71	66	66	0	0	0
Visible Layout Complete	752	71	66	66	5	0	0
Event Dispatch Begin	753	0	66	66	8	68	0
State Mutation Complete	753	0	66	66	0	0	68
Event Dispatch Begin	754	0	66	66	1	68	0
State Mutation Complete	754	0	66	66	0	0	68
Event Dispatch Begin	755	0	66	66	8	68	0
State Mutation Complete	755	0	66	66	0	0	68
Event Dispatch Begin	756	0	66	66	1	68	0
State Mutation Complete	756	0	66	66	0	0	68
Event Dispatch Begin	757	0	66	66	8	68	0
State Mutation Complete	757	0	66	66	0	0	68
Event Dispatch Begin	758	0	66	66	1	68	0
State Mutation Complete	758	0	66	66	0	0	68
Event Dispatch Begin	759	0	66	66	8	68	0
State Mutation Complete	759	0	66	66	0	0	68
Event Dispatch Begin	760	0	66	66	1	68	0
State Mutation Complete	760	0	66	66	0	0	68
Event Dispatch Begin	761	0	66	66	8	68	0
State Mutation Complete	761	0	66	66	0	0	68
Atlas Publication Begin	762	72	67	67	140	0	0
Atlas Publication Complete	762	72	67	67	0	0	0
Event Dispatch Begin	762	0	66	66	5	68	0
Frame Build Begin	762	72	67	67	1148190720	1141309440	0
Frame Build Complete	762	72	67	67	146	140	0
Glyph Atlas Summary	762	72	67	67	155	0	75264
Layout Cache Summary	762	72	67	67	4	1	6976
State Mutation Complete	762	0	67	67	1	1	69
Text Summary	762	72	67	67	3	0	1
Visible Layout Begin	762	72	67	67	0	0	0
Visible Layout Complete	762	72	67	67	5	0	0
Event Dispatch Begin	763	0	67	67	8	69	0
State Mutation Complete	763	0	67	67	0	0	69
Event Dispatch Begin	764	0	67	67	1	69	0
State Mutation Complete	764	0	67	67	0	0	69
Event Dispatch Begin	765	0	67	67	8	69	0
State Mutation Complete	765	0	67	67	0	0	69
Event Dispatch Begin	766	0	67	67	1	69	0
State Mutation Complete	766	0	67	67	0	0	69
Event Dispatch Begin	767	0	67	67	8	69	0
State Mutation Complete	767	0	67	67	0	0	69
Event Dispatch Begin	768	0	67	67	1	69	0
State Mutation Complete	768	0	67	67	0	0	69
Event Dispatch Begin	769	0	67	67	8	69	0
State Mutation Complete	769	0	67	67	0	0	69
Event Dispatch Begin	770	0	67	67	1	69	0
State Mutation Complete	770	0	67	67	0	0	69
Event Dispatch Begin	771	0	67	67	8	69	0
State Mutation Complete	771	0	67	67	0	0	69
Atlas Publication Begin	772	73	68	68	141	0	0
Atlas Publication Complete	772	73	68	68	0	0	0
Event Dispatch Begin	772	0	67	67	5	69	0
Frame Build Begin	772	73	68	68	1148190720	1141309440	0
Frame Build Complete	772	73	68	68	147	141	0
Glyph Atlas Summary	772	73	68	68	156	0	75264
Layout Cache Summary	772	73	68	68	4	1	7040
State Mutation Complete	772	0	68	68	1	1	70
Text Summary	772	73	68	68	3	0	1
Visible Layout Begin	772	73	68	68	0	0	0
Visible Layout Complete	772	73	68	68	5	0	0
Event Dispatch Begin	773	0	68	68	8	70	0
State Mutation Complete	773	0	68	68	0	0	70
Event Dispatch Begin	774	0	68	68	1	70	0
State Mutation Complete	774	0	68	68	0	0	70
Event Dispatch Begin	775	0	68	68	8	70	0
State Mutation Complete	775	0	68	68	0	0	70
Event Dispatch Begin	776	0	68	68	1	70	0
State Mutation Complete	776	0	68	68	0	0	70
Event Dispatch Begin	777	0	68	68	8	70	0
State Mutation Complete	777	0	68	68	0	0	70
Event Dispatch Begin	778	0	68	68	1	70	0
State Mutation Complete	778	0	68	68	0	0	70
Event Dispatch Begin	779	0	68	68	8	70	0
State Mutation Complete	779	0	68	68	0	0	70
Event Dispatch Begin	780	0	68	68	1	70	0
State Mutation Complete	780	0	68	68	0	0	70
Event Dispatch Begin	781	0	68	68	8	70	0
State Mutation Complete	781	0	68	68	0	0	70
Atlas Publication Begin	782	74	69	69	142	0	0
Atlas Publication Complete	782	74	69	69	0	0	0
Event Dispatch Begin	782	0	68	68	5	70	0
Frame Build Begin	782	74	69	69	1148190720	1141309440	0
Frame Build Complete	782	74	69	69	148	142	0
Glyph Atlas Summary	782	74	69	69	157	0	75264
Layout Cache Summary	782	74	69	69	4	1	7104
Native Event Handler Latency	782	0	0	0	106833	0	0
Native Frame Queue Latency	782	0	0	0	121458	0	0
Native GPU Terminal Observed Latency	782	0	0	0	8744416	0	0
Native Submission Latency	782	0	0	0	65500	0	0
Native Terminal Record Latency	782	0	0	0	8745166	0	0
State Mutation Complete	782	0	69	69	1	1	71
Text Summary	782	74	69	69	3	0	1
Visible Layout Begin	782	74	69	69	0	0	0
Visible Layout Complete	782	74	69	69	5	0	0
Event Dispatch Begin	783	0	69	69	8	71	0
State Mutation Complete	783	0	69	69	0	0	71
Event Dispatch Begin	784	0	69	69	1	71	0
State Mutation Complete	784	0	69	69	0	0	71
Event Dispatch Begin	785	0	69	69	8	71	0
State Mutation Complete	785	0	69	69	0	0	71
Event Dispatch Begin	786	0	69	69	1	71	0
State Mutation Complete	786	0	69	69	0	0	71
Event Dispatch Begin	787	0	69	69	8	71	0
State Mutation Complete	787	0	69	69	0	0	71
Event Dispatch Begin	788	0	69	69	1	71	0
State Mutation Complete	788	0	69	69	0	0	71
Event Dispatch Begin	789	0	69	69	8	71	0
State Mutation Complete	789	0	69	69	0	0	71
Event Dispatch Begin	790	0	69	69	1	71	0
State Mutation Complete	790	0	69	69	0	0	71
Event Dispatch Begin	791	0	69	69	8	71	0
State Mutation Complete	791	0	69	69	0	0	71
Atlas Publication Begin	792	75	70	70	143	0	0
Atlas Publication Complete	792	75	70	70	0	0	0
Event Dispatch Begin	792	0	69	69	5	71	0
Frame Build Begin	792	75	70	70	1148190720	1141309440	0
Frame Build Complete	792	75	70	70	149	143	0
Glyph Atlas Summary	792	75	70	70	158	0	75264
Layout Cache Summary	792	75	70	70	4	1	7168
State Mutation Complete	792	0	70	70	1	1	72
Text Summary	792	75	70	70	3	0	1
Visible Layout Begin	792	75	70	70	0	0	0
Visible Layout Complete	792	75	70	70	5	0	0
Event Dispatch Begin	793	0	70	70	8	72	0
State Mutation Complete	793	0	70	70	0	0	72
Event Dispatch Begin	794	0	70	70	1	72	0
State Mutation Complete	794	0	70	70	0	0	72
Event Dispatch Begin	795	0	70	70	8	72	0
State Mutation Complete	795	0	70	70	0	0	72
Event Dispatch Begin	796	0	70	70	1	72	0
State Mutation Complete	796	0	70	70	0	0	72
Event Dispatch Begin	797	0	70	70	8	72	0
State Mutation Complete	797	0	70	70	0	0	72
Event Dispatch Begin	798	0	70	70	1	72	0
State Mutation Complete	798	0	70	70	0	0	72
Event Dispatch Begin	799	0	70	70	8	72	0
State Mutation Complete	799	0	70	70	0	0	72
Event Dispatch Begin	800	0	70	70	1	72	0
State Mutation Complete	800	0	70	70	0	0	72
Event Dispatch Begin	801	0	70	70	8	72	0
State Mutation Complete	801	0	70	70	0	0	72
Atlas Publication Begin	802	76	71	71	144	0	0
Atlas Publication Complete	802	76	71	71	2	4352	1
Event Dispatch Begin	802	0	70	70	5	72	0
Frame Build Begin	802	76	71	71	1148190720	1141309440	0
Frame Build Complete	802	76	71	71	150	144	0
Glyph Atlas Summary	802	76	71	71	158	1	75264
Layout Cache Summary	802	76	71	71	4	1	7232
State Mutation Complete	802	0	71	71	1	1	73
Text Summary	802	76	71	71	3	1	1
Visible Layout Begin	802	76	71	71	0	0	0
Visible Layout Complete	802	76	71	71	5	0	0
Event Dispatch Begin	803	0	71	71	8	73	0
State Mutation Complete	803	0	71	71	0	0	73
Event Dispatch Begin	804	0	71	71	1	73	0
State Mutation Complete	804	0	71	71	0	0	73
Event Dispatch Begin	805	0	71	71	8	73	0
State Mutation Complete	805	0	71	71	0	0	73
Event Dispatch Begin	806	0	71	71	1	73	0
State Mutation Complete	806	0	71	71	0	0	73
Event Dispatch Begin	807	0	71	71	8	73	0
State Mutation Complete	807	0	71	71	0	0	73
Event Dispatch Begin	808	0	71	71	1	73	0
State Mutation Complete	808	0	71	71	0	0	73
Event Dispatch Begin	809	0	71	71	8	73	0
State Mutation Complete	809	0	71	71	0	0	73
Event Dispatch Begin	810	0	71	71	1	73	0
State Mutation Complete	810	0	71	71	0	0	73
Event Dispatch Begin	811	0	71	71	8	73	0
State Mutation Complete	811	0	71	71	0	0	73
Atlas Publication Begin	812	77	72	72	145	0	0
Atlas Publication Complete	812	77	72	72	0	0	0
Event Dispatch Begin	812	0	71	71	5	73	0
Frame Build Begin	812	77	72	72	1148190720	1141309440	0
Frame Build Complete	812	77	72	72	151	145	0
Glyph Atlas Summary	812	77	72	72	160	0	75264
Layout Cache Summary	812	77	72	72	4	1	7296
Native Event Handler Latency	812	0	0	0	119625	0	0
Native Frame Queue Latency	812	0	0	0	209875	0	0
Native GPU Terminal Observed Latency	812	0	0	0	8636250	0	0
Native Submission Latency	812	0	0	0	183875	0	0
Native Terminal Record Latency	812	0	0	0	8637708	0	0
State Mutation Complete	812	0	72	72	1	1	74
Text Summary	812	77	72	72	3	0	1
Visible Layout Begin	812	77	72	72	0	0	0
Visible Layout Complete	812	77	72	72	5	0	0
Event Dispatch Begin	813	0	72	72	8	74	0
State Mutation Complete	813	0	72	72	0	0	74
Event Dispatch Begin	814	0	72	72	1	74	0
State Mutation Complete	814	0	72	72	0	0	74
Event Dispatch Begin	815	0	72	72	8	74	0
State Mutation Complete	815	0	72	72	0	0	74
Event Dispatch Begin	816	0	72	72	1	74	0
State Mutation Complete	816	0	72	72	0	0	74
Event Dispatch Begin	817	0	72	72	8	74	0
State Mutation Complete	817	0	72	72	0	0	74
Event Dispatch Begin	818	0	72	72	1	74	0
State Mutation Complete	818	0	72	72	0	0	74
Event Dispatch Begin	819	0	72	72	8	74	0
State Mutation Complete	819	0	72	72	0	0	74
Event Dispatch Begin	820	0	72	72	1	74	0
State Mutation Complete	820	0	72	72	0	0	74
Event Dispatch Begin	821	0	72	72	8	74	0
State Mutation Complete	821	0	72	72	0	0	74
Atlas Publication Begin	822	78	73	73	146	0	0
Atlas Publication Complete	822	78	73	73	2	4352	1
Event Dispatch Begin	822	0	72	72	5	74	0
Frame Build Begin	822	78	73	73	1148190720	1141309440	0
Frame Build Complete	822	78	73	73	152	146	0
Glyph Atlas Summary	822	78	73	73	160	1	75264
Layout Cache Summary	822	78	73	73	4	1	7360
Native Event Handler Latency	822	0	0	0	208000	0	0
Native Frame Queue Latency	822	0	0	0	8593791	0	0
Native GPU Terminal Observed Latency	822	0	0	0	17080166	0	0
Native Submission Latency	822	0	0	0	193709	0	0
Native Terminal Record Latency	822	0	0	0	25413875	0	0
State Mutation Complete	822	0	73	73	1	1	75
Text Summary	822	78	73	73	3	1	1
Visible Layout Begin	822	78	73	73	0	0	0
Visible Layout Complete	822	78	73	73	5	0	0
Event Dispatch Begin	823	0	73	73	8	75	0
State Mutation Complete	823	0	73	73	0	0	75
Event Dispatch Begin	824	0	73	73	1	75	0
State Mutation Complete	824	0	73	73	0	0	75
Event Dispatch Begin	825	0	73	73	8	75	0
State Mutation Complete	825	0	73	73	0	0	75
Event Dispatch Begin	826	0	73	73	1	75	0
State Mutation Complete	826	0	73	73	0	0	75
Event Dispatch Begin	827	0	73	73	8	75	0
State Mutation Complete	827	0	73	73	0	0	75
Event Dispatch Begin	828	0	73	73	8	75	0
State Mutation Complete	828	0	73	73	0	0	75
Event Dispatch Begin	829	0	73	73	8	75	0
State Mutation Complete	829	0	73	73	0	0	75
Event Dispatch Begin	830	0	73	73	8	75	0
State Mutation Complete	830	0	73	73	0	0	75
Event Dispatch Begin	831	0	73	73	8	75	0
State Mutation Complete	831	0	73	73	0	0	75
Event Dispatch Begin	832	0	73	73	8	75	0
State Mutation Complete	832	0	73	73	0	0	75
Event Dispatch Begin	833	0	73	73	8	75	0
State Mutation Complete	833	0	73	73	0	0	75
Event Dispatch Begin	834	0	73	73	8	75	0
State Mutation Complete	834	0	73	73	0	0	75
Event Dispatch Begin	835	0	73	73	8	75	0
State Mutation Complete	835	0	73	73	0	0	75
Event Dispatch Begin	836	0	73	73	8	75	0
State Mutation Complete	836	0	73	73	0	0	75
Event Dispatch Begin	837	0	73	73	8	75	0
State Mutation Complete	837	0	73	73	0	0	75
Event Dispatch Begin	838	0	73	73	8	75	0
State Mutation Complete	838	0	73	73	0	0	75
Event Dispatch Begin	839	0	73	73	8	75	0
State Mutation Complete	839	0	73	73	0	0	75
Event Dispatch Begin	840	0	73	73	8	75	0
State Mutation Complete	840	0	73	73	0	0	75
Event Dispatch Begin	841	0	73	73	8	75	0
State Mutation Complete	841	0	73	73	0	0	75
Event Dispatch Begin	842	0	73	73	8	75	0
State Mutation Complete	842	0	73	73	0	0	75
Event Dispatch Begin	843	0	73	73	8	75	0
State Mutation Complete	843	0	73	73	0	0	75
Event Dispatch Begin	844	0	73	73	8	75	0
State Mutation Complete	844	0	73	73	0	0	75
Event Dispatch Begin	845	0	73	73	8	75	0
State Mutation Complete	845	0	73	73	0	0	75
Event Dispatch Begin	846	0	73	73	8	75	0
State Mutation Complete	846	0	73	73	0	0	75
Event Dispatch Begin	847	0	73	73	8	75	0
State Mutation Complete	847	0	73	73	0	0	75
Event Dispatch Begin	848	0	73	73	8	75	0
State Mutation Complete	848	0	73	73	0	0	75
Event Dispatch Begin	849	0	73	73	8	75	0
State Mutation Complete	849	0	73	73	0	0	75
Event Dispatch Begin	850	0	73	73	8	75	0
State Mutation Complete	850	0	73	73	0	0	75
Event Dispatch Begin	851	0	73	73	8	75	0
State Mutation Complete	851	0	73	73	0	0	75
Event Dispatch Begin	852	0	73	73	8	75	0
State Mutation Complete	852	0	73	73	0	0	75
Event Dispatch Begin	853	0	73	73	8	75	0
State Mutation Complete	853	0	73	73	0	0	75
Event Dispatch Begin	854	0	73	73	8	75	0
State Mutation Complete	854	0	73	73	0	0	75
Event Dispatch Begin	855	0	73	73	8	75	0
State Mutation Complete	855	0	73	73	0	0	75
Event Dispatch Begin	856	0	73	73	8	75	0
State Mutation Complete	856	0	73	73	0	0	75
Event Dispatch Begin	857	0	73	73	8	75	0
State Mutation Complete	857	0	73	73	0	0	75
Event Dispatch Begin	858	0	73	73	8	75	0
State Mutation Complete	858	0	73	73	0	0	75
Event Dispatch Begin	859	0	73	73	8	75	0
State Mutation Complete	859	0	73	73	0	0	75
Event Dispatch Begin	860	0	73	73	8	75	0
State Mutation Complete	860	0	73	73	0	0	75
Event Dispatch Begin	861	0	73	73	8	75	0
State Mutation Complete	861	0	73	73	0	0	75
Event Dispatch Begin	862	0	73	73	8	75	0
State Mutation Complete	862	0	73	73	0	0	75
Event Dispatch Begin	863	0	73	73	8	75	0
State Mutation Complete	863	0	73	73	0	0	75
Event Dispatch Begin	864	0	73	73	8	75	0
State Mutation Complete	864	0	73	73	0	0	75
Event Dispatch Begin	865	0	73	73	8	75	0
State Mutation Complete	865	0	73	73	0	0	75
Event Dispatch Begin	866	0	73	73	8	75	0
State Mutation Complete	866	0	73	73	0	0	75
Event Dispatch Begin	867	0	73	73	8	75	0
State Mutation Complete	867	0	73	73	0	0	75
Event Dispatch Begin	868	0	73	73	8	75	0
State Mutation Complete	868	0	73	73	0	0	75
Event Dispatch Begin	869	0	73	73	8	75	0
State Mutation Complete	869	0	73	73	0	0	75
Event Dispatch Begin	870	0	73	73	8	75	0
State Mutation Complete	870	0	73	73	0	0	75
Event Dispatch Begin	871	0	73	73	8	75	0
State Mutation Complete	871	0	73	73	0	0	75
Event Dispatch Begin	872	0	73	73	8	75	0
State Mutation Complete	872	0	73	73	0	0	75
Event Dispatch Begin	873	0	73	73	8	75	0
State Mutation Complete	873	0	73	73	0	0	75
Event Dispatch Begin	874	0	73	73	8	75	0
State Mutation Complete	874	0	73	73	0	0	75
Event Dispatch Begin	875	0	73	73	8	75	0
State Mutation Complete	875	0	73	73	0	0	75
Event Dispatch Begin	876	0	73	73	8	75	0
State Mutation Complete	876	0	73	73	0	0	75
Event Dispatch Begin	877	0	73	73	8	75	0
State Mutation Complete	877	0	73	73	0	0	75
Event Dispatch Begin	878	0	73	73	8	75	0
State Mutation Complete	878	0	73	73	0	0	75
Event Dispatch Begin	879	0	73	73	8	75	0
State Mutation Complete	879	0	73	73	0	0	75
Event Dispatch Begin	880	0	73	73	8	75	0
State Mutation Complete	880	0	73	73	0	0	75
Event Dispatch Begin	881	0	73	73	8	75	0
State Mutation Complete	881	0	73	73	0	0	75
Event Dispatch Begin	882	0	73	73	8	75	0
State Mutation Complete	882	0	73	73	0	0	75
Event Dispatch Begin	883	0	73	73	8	75	0
State Mutation Complete	883	0	73	73	0	0	75
Event Dispatch Begin	884	0	73	73	8	75	0
State Mutation Complete	884	0	73	73	0	0	75
Event Dispatch Begin	885	0	73	73	8	75	0
State Mutation Complete	885	0	73	73	0	0	75
Event Dispatch Begin	886	0	73	73	8	75	0
State Mutation Complete	886	0	73	73	0	0	75
Event Dispatch Begin	887	0	73	73	8	75	0
State Mutation Complete	887	0	73	73	0	0	75
Event Dispatch Begin	888	0	73	73	8	75	0
State Mutation Complete	888	0	73	73	0	0	75
Event Dispatch Begin	889	0	73	73	8	75	0
State Mutation Complete	889	0	73	73	0	0	75
Event Dispatch Begin	890	0	73	73	8	75	0
State Mutation Complete	890	0	73	73	0	0	75
Event Dispatch Begin	891	0	73	73	8	75	0
State Mutation Complete	891	0	73	73	0	0	75
Event Dispatch Begin	892	0	73	73	8	75	0
State Mutation Complete	892	0	73	73	0	0	75
Event Dispatch Begin	893	0	73	73	8	75	0
State Mutation Complete	893	0	73	73	0	0	75
Event Dispatch Begin	894	0	73	73	8	75	0
State Mutation Complete	894	0	73	73	0	0	75
Event Dispatch Begin	895	0	73	73	8	75	0
State Mutation Complete	895	0	73	73	0	0	75
Event Dispatch Begin	896	0	73	73	8	75	0
State Mutation Complete	896	0	73	73	0	0	75
Event Dispatch Begin	897	0	73	73	8	75	0
State Mutation Complete	897	0	73	73	0	0	75
Event Dispatch Begin	898	0	73	73	8	75	0
State Mutation Complete	898	0	73	73	0	0	75
Event Dispatch Begin	899	0	73	73	1	75	0
State Mutation Complete	899	0	73	73	0	0	75
Event Dispatch Begin	900	0	73	73	8	75	0
State Mutation Complete	900	0	73	73	0	0	75
Event Dispatch Begin	901	0	73	73	1	75	0
State Mutation Complete	901	0	73	73	0	0	75
Event Dispatch Begin	902	0	73	73	8	75	0
State Mutation Complete	902	0	73	73	0	0	75
Event Dispatch Begin	903	0	73	73	1	75	0
State Mutation Complete	903	0	73	73	0	0	75
Event Dispatch Begin	904	0	73	73	8	75	0
State Mutation Complete	904	0	73	73	0	0	75
Event Dispatch Begin	905	0	73	73	10	75	0
State Mutation Complete	905	0	73	73	0	0	75
